part_id,date,demand,microarea,category,subcategory,history_months,n_positive,coverage,adi,cv2,seasonality_strength,profile,history_before_current,previous_demand,baseline_q1,baseline_q3,baseline_median,baseline_iqr,upper_bound,outlier_method,is_quantity_outlier,year,previous_yearly_demand,yearly_ratio,passes_yearly_validation,previous_positive_date,has_previous_demand,months_since_previous_demand,previous_positive_demand,historical_positive_count,reactivation_demand_threshold,unusual_gap,is_reactivation,is_anomaly,anomaly_type,anomaly_score
MED-0004,2024-07-01,36,CENTRAL,IMAGING,TRANSDUCERS,42.0,7.0,0.16666666666666666,6.0,1.0273796646836129,6.267441860465117,LUMPY,24,0.0,12.75,14.25,13.5,1.5,33.75,MEDIAN_STRICT_LUMPY,True,2024,48.0,0.75,False,2023-10-01,True,9.00131406044678,,5,11.0,True,True,True,EXCEPTIONAL_SPIKE,1.0666666666666667
MED-0006,2023-07-01,18,WEST,IMAGING,DETECTOR COMPONENTS,42.0,7.0,0.16666666666666666,6.0,0.5971172022684309,5.173913043478261,LUMPY,12,0.0,6.0,8.0,7.0,2.0,17.5,MEDIAN_STRICT_LUMPY,True,2023,5.0,5.4,True,2023-01-01,True,5.946123521681997,,2,6.0,False,False,True,EXCEPTIONAL_SPIKE,1.0285714285714285
MED-0007,2025-07-01,7,EAST,IMAGING,CABLES,42.0,9.0,0.21428571428571427,4.666666666666667,0.39891581632653056,3.75,INTERMITTENT,36,0.0,1.25,1.75,1.5,0.5,4.5,MEDIAN_RELAXED_INTERMITTENT,True,2025,1.0,10.0,True,2025-04-01,True,2.9894875164257555,,8,1.75,False,False,True,EXCEPTIONAL_SPIKE,1.5555555555555556
MED-0008,2024-03-01,6,EAST,IMAGING,POWER COMPONENTS,48.0,43.0,0.8958333333333334,1.1162790697674418,0.9117295948361711,1.9047619047619049,ERRATIC,26,1.0,1.0,2.0,2.0,1.0,5.0,IQR_ERRATIC,True,2024,26.0,1.1538461538461537,False,2024-02-01,True,0.9526938239159001,1.0,24,1.75,False,False,True,EXCEPTIONAL_SPIKE,1.2
MED-0008,2024-09-01,3,CENTRAL,IMAGING,POWER COMPONENTS,48.0,43.0,0.8958333333333334,1.1162790697674418,0.9117295948361711,1.9047619047619049,ERRATIC,32,2.0,1.75,2.0,2.0,0.25,2.75,IQR_ERRATIC,True,2024,26.0,1.1538461538461537,False,2024-08-01,True,1.0183968462549278,2.0,30,2.0,False,False,True,EXCEPTIONAL_SPIKE,1.0909090909090908
MED-0014,2024-04-01,11,CENTRAL,IMAGING,MOTORS,48.0,47.0,0.9791666666666666,1.0212765957446808,0.28062558957207784,1.2307692307692308,STABLE,27,2.0,2.75,4.0,4.0,1.25,10.208726403433653,POISSON_STABLE,True,2024,38.0,1.263157894736842,False,2024-03-01,True,1.0183968462549278,2.0,27,2.0,False,False,True,EXCEPTIONAL_SPIKE,1.0775095310909897
MED-0016,2025-05-01,33,WEST,IMAGING,USER INTERFACE,42.0,6.0,0.14285714285714285,7.0,0.652354570637119,7.921052631578948,LUMPY,34,0.0,10.5,11.5,11.0,1.0,27.5,MEDIAN_STRICT_LUMPY,True,2025,30.0,1.3666666666666667,False,2024-12-01,True,4.9605781865965834,,4,7.25,False,False,True,EXCEPTIONAL_SPIKE,1.2
MED-0018,2023-02-01,16,EAST,IMAGING,CONTROL MODULES,48.0,45.0,0.9375,1.0666666666666667,0.3984235057169083,1.3663366336633664,STABLE,13,3.0,3.0,5.5,3.5,2.5,12.07638567088799,POISSON_STABLE,True,2023,54.0,1.2407407407407407,False,2023-01-01,True,1.0183968462549278,3.0,13,3.0,False,False,True,EXCEPTIONAL_SPIKE,1.3248997204991966
MED-0018,2024-05-01,11,NORTH,IMAGING,CONTROL MODULES,48.0,45.0,0.9375,1.0666666666666667,0.3984235057169083,1.3663366336633664,STABLE,28,2.0,2.0,5.0,3.5,3.0,10.685948405941259,POISSON_STABLE,True,2024,67.0,0.6417910447761194,False,2024-04-01,True,0.9855453350854139,2.0,28,3.0,False,False,True,EXCEPTIONAL_SPIKE,1.0293892111517338
MED-0020,2024-04-01,17,WEST,IMAGING,CONTROL MODULES,30.0,29.0,0.9666666666666667,1.0344827586206897,0.943168797121545,3.184357541899441,ERRATIC,9,6.0,3.0,5.0,4.0,2.0,11.0,IQR_ERRATIC,True,2024,17.0,4.235294117647059,True,2024-03-01,True,1.0183968462549278,6.0,8,3.0,False,False,True,EXCEPTIONAL_SPIKE,1.5454545454545454
MED-0020,2025-05-01,33,WEST,IMAGING,CONTROL MODULES,30.0,29.0,0.9666666666666667,1.0344827586206897,0.943168797121545,3.184357541899441,ERRATIC,22,8.0,4.0,7.25,4.0,3.25,17.0,IQR_ERRATIC,True,2025,72.0,1.25,False,2025-04-01,True,0.9855453350854139,8.0,21,4.0,False,False,True,EXCEPTIONAL_SPIKE,1.9411764705882353
MED-0022,2025-09-01,19,SOUTH,IMAGING,USER INTERFACE,48.0,46.0,0.9583333333333334,1.0434782608695652,0.3487137226502182,1.1448763250883394,STABLE,44,5.0,3.0,6.25,5.0,3.25,13.416237101988091,POISSON_STABLE,True,2025,75.0,0.9066666666666666,False,2025-08-01,True,1.0183968462549278,5.0,42,4.0,False,False,True,EXCEPTIONAL_SPIKE,1.4161944109637474
MED-0023,2025-10-01,10,NORTH,IMAGING,USER INTERFACE,48.0,43.0,0.8958333333333334,1.1162790697674418,0.609033307051552,1.3475935828877006,ERRATIC,45,4.0,1.75,3.25,3.0,1.5,7.75,IQR_ERRATIC,True,2025,54.0,0.9074074074074074,False,2025-09-01,True,0.9855453350854139,4.0,40,2.0,False,False,True,EXCEPTIONAL_SPIKE,1.2903225806451613
MED-0027,2025-09-01,10,WEST,IMAGING,POWER COMPONENTS,30.0,25.0,0.8333333333333334,1.2,0.4722222222222222,1.6,STABLE,26,5.0,1.0,2.25,1.5,1.25,6.7621972533688774,POISSON_STABLE,True,2025,26.0,1.1153846153846154,False,2025-08-01,True,1.0183968462549278,5.0,23,2.0,False,False,True,EXCEPTIONAL_SPIKE,1.4788092723882127
MED-0030,2024-09-01,14,CENTRAL,IMAGING,POWER COMPONENTS,30.0,27.0,0.9,1.1111111111111112,0.34012046746177854,1.5322580645161288,STABLE,14,2.0,2.75,5.0,3.5,2.25,10.685948405941259,POISSON_STABLE,True,2024,28.0,2.0357142857142856,True,2024-08-01,True,1.0183968462549278,2.0,14,3.0,False,False,True,EXCEPTIONAL_SPIKE,1.3101317232840248
MED-0032,2025-11-01,21,SOUTH,IMAGING,POWER COMPONENTS,18.0,15.0,0.8333333333333334,1.2,0.6428571428571429,1.9,ERRATIC,16,7.0,2.75,7.0,5.0,4.25,19.75,IQR_ERRATIC,True,2025,15.0,5.0,True,2025-10-01,True,1.0183968462549278,7.0,14,3.25,False,False,True,EXCEPTIONAL_SPIKE,1.0632911392405062
MED-0041,2025-03-01,7,SOUTH,IMAGING,COOLING COMPONENTS,30.0,7.0,0.23333333333333334,4.285714285714286,0.42800788954635094,4.038461538461538,INTERMITTENT,20,0.0,1.25,1.75,1.5,0.5,4.5,MEDIAN_RELAXED_INTERMITTENT,True,2025,14.0,0.8571428571428571,False,2024-10-01,True,4.9605781865965834,,4,1.75,False,False,True,EXCEPTIONAL_SPIKE,1.5555555555555556
MED-0047,2023-04-01,10,WEST,IMAGING,POWER COMPONENTS,48.0,40.0,0.8333333333333334,1.2,0.5477727765696208,1.7435897435897436,ERRATIC,15,6.0,1.0,3.0,2.5,2.0,9.0,IQR_ERRATIC,True,2023,20.0,1.7,False,2023-03-01,True,1.0183968462549278,6.0,13,1.0,False,False,True,EXCEPTIONAL_SPIKE,1.1111111111111112
MED-0048,2022-12-01,49,EAST,IMAGING,DETECTOR COMPONENTS,48.0,9.0,0.1875,5.333333333333333,1.4518544722576534,7.821428571428571,LUMPY,11,0.0,13.0,17.0,15.0,4.0,37.5,MEDIAN_STRICT_LUMPY,True,2022,,,True,2022-05-01,True,7.030223390275952,,2,13.0,True,True,True,EXCEPTIONAL_SPIKE,1.3066666666666666
MED-0048,2023-12-01,97,EAST,IMAGING,DETECTOR COMPONENTS,48.0,9.0,0.1875,5.333333333333333,1.4518544722576534,7.821428571428571,LUMPY,23,0.0,18.25,38.75,28.5,20.5,71.25,MEDIAN_STRICT_LUMPY,True,2023,79.0,1.3291139240506329,False,2023-03-01,True,9.034165571616294,,4,10.25,True,True,True,EXCEPTIONAL_SPIKE,1.3614035087719298
MED-0053,2025-05-01,9,EAST,IMAGING,CONTROL MODULES,36.0,34.0,0.9444444444444444,1.0588235294117647,0.7931795161283864,2.0000000000000004,ERRATIC,28,2.0,1.75,3.5,3.0,1.75,8.75,IQR_ERRATIC,True,2025,53.0,1.4150943396226414,False,2025-04-01,True,0.9855453350854139,2.0,26,3.0,False,False,True,EXCEPTIONAL_SPIKE,1.0285714285714285
MED-0053,2025-09-01,28,EAST,IMAGING,CONTROL MODULES,36.0,34.0,0.9444444444444444,1.0588235294117647,0.7931795161283864,2.0000000000000004,ERRATIC,32,4.0,2.75,4.25,3.0,1.5,8.75,IQR_ERRATIC,True,2025,53.0,1.4150943396226414,False,2025-08-01,True,1.0183968462549278,4.0,30,3.0,False,False,True,EXCEPTIONAL_SPIKE,3.2
MED-0059,2023-01-01,16,CENTRAL,IMAGING,MOTORS,42.0,42.0,1.0,1.0,0.2767987804878049,0.8166666666666665,STABLE,6,10.0,4.5,6.75,6.0,2.25,14.858137581688283,POISSON_STABLE,True,2023,37.0,2.324324324324324,True,2022-12-01,True,1.0183968462549278,10.0,6,4.5,False,False,True,EXCEPTIONAL_SPIKE,1.0768509789355425
MED-0061,2025-07-01,30,EAST,IMAGING,USER INTERFACE,48.0,45.0,0.9375,1.0666666666666667,0.615681818181818,1.32,ERRATIC,42,2.0,3.5,7.0,6.0,3.5,17.5,IQR_ERRATIC,True,2025,62.0,1.3548387096774193,False,2025-06-01,True,0.9855453350854139,2.0,39,3.0,False,False,True,EXCEPTIONAL_SPIKE,1.7142857142857142
MED-0062,2025-08-01,13,EAST,IMAGING,MOTORS,42.0,36.0,0.8571428571428571,1.1666666666666667,0.38043477091992267,1.4171779141104297,STABLE,37,1.0,1.0,4.25,2.5,3.25,9.229131355830765,POISSON_STABLE,True,2025,57.0,0.6491228070175439,False,2025-07-01,True,1.0183968462549278,1.0,32,2.0,False,False,True,EXCEPTIONAL_SPIKE,1.4085832673501697
MED-0063,2023-04-01,13,SOUTH,IMAGING,CONTROL MODULES,48.0,46.0,0.9583333333333334,1.0434782608695652,0.4827362115567245,1.2923076923076924,STABLE,15,8.0,2.75,7.25,4.5,4.5,12.826237921249264,POISSON_STABLE,True,2023,57.0,1.0350877192982457,False,2023-03-01,True,1.0183968462549278,8.0,15,2.5,False,False,True,EXCEPTIONAL_SPIKE,1.0135473924480118
MED-0063,2025-04-01,10,SOUTH,IMAGING,CONTROL MODULES,48.0,46.0,0.9583333333333334,1.0434782608695652,0.4827362115567245,1.2923076923076924,STABLE,39,4.0,1.0,4.0,2.0,3.0,8.033985905294664,POISSON_STABLE,True,2025,33.0,1.393939393939394,False,2025-03-01,True,1.0183968462549278,4.0,37,2.0,False,False,True,EXCEPTIONAL_SPIKE,1.244712166274734
MED-0068,2025-04-01,18,WEST,IMAGING,USER INTERFACE,42.0,41.0,0.9761904761904762,1.024390243902439,0.39641490664217954,1.5555555555555556,STABLE,33,4.0,2.0,6.0,3.5,4.0,11.0,POISSON_STABLE,True,2025,46.0,1.608695652173913,False,2025-03-01,True,1.0183968462549278,4.0,32,2.75,False,False,True,EXCEPTIONAL_SPIKE,1.6363636363636365
MED-0077,2023-06-01,6,EAST,IMAGING,POWER COMPONENTS,48.0,41.0,0.8541666666666666,1.170731707317073,0.3730045700924648,0.9896907216494844,STABLE,17,0.0,0.0,1.25,1.0,1.25,4.9470987407379186,POISSON_STABLE,True,2023,20.0,1.05,False,2023-04-01,True,2.0039421813403417,,13,1.0,False,False,True,EXCEPTIONAL_SPIKE,1.2128320687419771
MED-0082,2025-09-01,17,NORTH,IMAGING,MOTORS,36.0,12.0,0.3333333333333333,3.0,0.7405395523752317,3.457627118644068,LUMPY,32,0.0,4.0,5.5,5.0,1.5,15.0,MEDIAN_RELAXED_LUMPY,True,2025,18.0,1.2777777777777777,False,2025-02-01,True,6.964520367936925,,10,3.0,True,True,True,EXCEPTIONAL_SPIKE,1.1333333333333333
MED-0089,2024-02-01,11,EAST,IMAGING,USER INTERFACE,36.0,32.0,0.8888888888888888,1.125,1.474902146531592,2.769230769230769,ERRATIC,13,4.0,1.0,3.25,2.0,2.25,10.0,IQR_ERRATIC,True,2024,37.0,0.8918918918918919,False,2024-01-01,True,1.0183968462549278,4.0,13,1.0,False,False,True,EXCEPTIONAL_SPIKE,1.1
MED-0089,2025-11-01,23,EAST,IMAGING,USER INTERFACE,36.0,32.0,0.8888888888888888,1.125,1.474902146531592,2.769230769230769,ERRATIC,34,0.0,0.75,4.0,2.5,3.25,13.75,IQR_ERRATIC,True,2025,33.0,1.4242424242424243,False,2025-09-01,True,2.0039421813403417,,31,1.0,False,False,True,EXCEPTIONAL_SPIKE,1.6727272727272726
MED-0092,2024-01-01,22,EAST,IMAGING,USER INTERFACE,48.0,48.0,1.0,1.0,0.3727800246175487,1.0,STABLE,24,5.0,2.0,5.25,4.5,3.25,11.155874130906248,POISSON_STABLE,True,2024,49.0,1.836734693877551,False,2023-12-01,True,1.0183968462549278,5.0,24,2.75,False,False,True,EXCEPTIONAL_SPIKE,1.9720552367161595
MED-0099,2023-03-01,11,CENTRAL,IMAGING,POWER COMPONENTS,42.0,40.0,0.9523809523809523,1.05,0.3411268865814319,1.1878787878787878,STABLE,8,2.0,1.75,4.75,2.5,3.0,9.55971473206198,POISSON_STABLE,True,2023,23.0,2.5217391304347827,True,2023-02-01,True,0.9198423127463863,2.0,7,2.0,False,False,True,EXCEPTIONAL_SPIKE,1.1506619505190359
MED-0102,2023-04-01,4,NORTH,IMAGING,CABLES,42.0,11.0,0.2619047619047619,3.8181818181818183,0.2759548611111112,3.5,INTERMITTENT,9,0.0,1.0,3.0,1.0,2.0,3.0,MEDIAN_RELAXED_INTERMITTENT,True,2023,5.0,2.8,True,2023-02-01,True,1.938239159001314,,3,1.0,False,False,True,EXCEPTIONAL_SPIKE,1.3333333333333333
MED-0102,2023-10-01,8,NORTH,IMAGING,CABLES,42.0,11.0,0.2619047619047619,3.8181818181818183,0.2759548611111112,3.5,INTERMITTENT,15,0.0,1.0,2.5,1.0,1.5,3.0,MEDIAN_RELAXED_INTERMITTENT,True,2023,5.0,2.8,True,2023-04-01,True,6.011826544021025,,4,1.0,True,True,True,EXCEPTIONAL_SPIKE,2.6666666666666665
MED-0103,2025-02-01,6,WEST,IMAGING,POWER COMPONENTS,42.0,36.0,0.8571428571428571,1.1666666666666667,0.4133199412810014,1.912790697674419,STABLE,31,1.0,0.75,1.25,1.0,0.5,5.163118960624632,POISSON_STABLE,True,2025,15.0,2.2,True,2025-01-01,True,1.0183968462549278,1.0,25,1.0,False,False,True,EXCEPTIONAL_SPIKE,1.162088273727112
MED-0105,2024-06-01,8,NORTH,IMAGING,CONTROL MODULES,48.0,44.0,0.9166666666666666,1.0909090909090908,0.8722545219638242,2.1875,ERRATIC,29,6.0,2.0,3.25,3.0,1.25,7.0,IQR_ERRATIC,True,2024,49.0,0.7551020408163265,False,2024-05-01,True,1.0183968462549278,6.0,28,2.0,False,False,True,EXCEPTIONAL_SPIKE,1.1428571428571428
MED-0105,2025-03-01,11,SOUTH,IMAGING,CONTROL MODULES,48.0,44.0,0.9166666666666666,1.0909090909090908,0.8722545219638242,2.1875,ERRATIC,38,4.0,1.75,4.0,3.0,2.25,10.75,IQR_ERRATIC,True,2025,37.0,1.7567567567567568,False,2025-02-01,True,0.9198423127463863,4.0,36,2.0,False,False,True,EXCEPTIONAL_SPIKE,1.0232558139534884
MED-0105,2025-05-01,26,SOUTH,IMAGING,CONTROL MODULES,48.0,44.0,0.9166666666666666,1.0909090909090908,0.8722545219638242,2.1875,ERRATIC,40,3.0,2.75,4.5,3.5,1.75,9.75,IQR_ERRATIC,True,2025,37.0,1.7567567567567568,False,2025-04-01,True,0.9855453350854139,3.0,38,2.0,False,False,True,EXCEPTIONAL_SPIKE,2.6666666666666665
MED-0109,2025-06-01,11,SOUTH,IMAGING,USER INTERFACE,48.0,43.0,0.8958333333333334,1.1162790697674418,0.21322314049586774,1.0363636363636364,STABLE,41,2.0,0.75,6.25,3.0,5.5,10.208726403433653,POISSON_STABLE,True,2025,47.0,1.1914893617021276,False,2025-05-01,True,1.0183968462549278,2.0,36,4.0,False,False,True,EXCEPTIONAL_SPIKE,1.0775095310909897
MED-0114,2024-01-01,34,SOUTH,IMAGING,USER INTERFACE,36.0,4.0,0.1111111111111111,9.0,0.9237714168462089,9.263157894736842,LUMPY,12,0.0,7.0,11.0,9.0,4.0,22.5,MEDIAN_STRICT_LUMPY,True,2024,18.0,1.8888888888888888,False,2023-05-01,True,8.04862023653088,,2,7.0,False,False,True,EXCEPTIONAL_SPIKE,1.511111111111111
MED-0120,2022-12-01,7,WEST,IMAGING,CABLES,48.0,16.0,0.3333333333333333,3.0,0.33596571778389955,2.909090909090909,INTERMITTENT,11,0.0,2.0,2.5,2.0,0.5,6.0,MEDIAN_RELAXED_INTERMITTENT,True,2022,,,True,2022-04-01,True,8.015768725361367,,3,2.0,True,True,True,EXCEPTIONAL_SPIKE,1.1666666666666667
MED-0123,2024-06-01,28,CENTRAL,PATIENT_MONITORING,SENSORS,48.0,43.0,0.8958333333333334,1.1162790697674418,0.5643876286898201,1.3725490196078431,ERRATIC,29,13.0,5.25,9.25,6.5,4.0,21.25,IQR_ERRATIC,True,2024,86.0,1.3255813953488371,False,2024-05-01,True,1.0183968462549278,13.0,27,4.0,False,False,True,EXCEPTIONAL_SPIKE,1.3176470588235294
MED-0125,2023-01-01,17,CENTRAL,PATIENT_MONITORING,SENSORS,48.0,47.0,0.9791666666666666,1.0212765957446808,0.3100282035137955,1.0140845070422535,STABLE,12,11.0,4.0,9.5,7.0,5.5,16.39841966322493,POISSON_STABLE,True,2023,85.0,1.2588235294117647,False,2022-12-01,True,1.0183968462549278,11.0,12,4.0,False,False,True,EXCEPTIONAL_SPIKE,1.0366852629173877
MED-0129,2024-10-01,21,NORTH,PATIENT_MONITORING,CABLES,48.0,48.0,1.0,1.0,0.3094800990753802,1.027237354085603,STABLE,33,3.0,3.75,6.0,5.0,2.25,12.227530814809171,POISSON_STABLE,True,2024,67.0,1.1044776119402986,False,2024-09-01,True,0.9855453350854139,3.0,33,4.0,False,False,True,EXCEPTIONAL_SPIKE,1.7174358681285185
MED-0131,2023-06-01,29,CENTRAL,PATIENT_MONITORING,CONTROL MODULES,48.0,47.0,0.9791666666666666,1.0212765957446808,0.5889673502251143,1.380952380952381,ERRATIC,17,7.0,5.25,7.0,6.0,1.75,12.25,IQR_ERRATIC,True,2023,56.0,1.5357142857142858,False,2023-05-01,True,1.0183968462549278,7.0,16,3.75,False,False,True,EXCEPTIONAL_SPIKE,2.36734693877551
MED-0131,2024-08-01,10,SOUTH,PATIENT_MONITORING,CONTROL MODULES,48.0,47.0,0.9791666666666666,1.0212765957446808,0.5889673502251143,1.380952380952381,ERRATIC,31,4.0,2.75,4.25,3.5,1.5,8.75,IQR_ERRATIC,True,2024,86.0,0.6046511627906976,False,2024-07-01,True,1.0183968462549278,4.0,30,3.0,False,False,True,EXCEPTIONAL_SPIKE,1.1428571428571428
MED-0134,2025-04-01,14,NORTH,PATIENT_MONITORING,POWER COMPONENTS,18.0,15.0,0.8333333333333334,1.2,0.4095436301471682,2.7096774193548385,STABLE,9,4.0,1.0,7.0,4.0,6.0,10.790981969171774,POISSON_STABLE,True,2025,22.0,3.227272727272727,True,2025-03-01,True,1.0183968462549278,4.0,8,1.75,False,False,True,EXCEPTIONAL_SPIKE,1.2973796119756211
MED-0136,2023-12-01,11,NORTH,PATIENT_MONITORING,SENSOR MODULES,48.0,47.0,0.9791666666666666,1.0212765957446808,0.40190342572547605,1.0704225352112675,STABLE,23,1.0,1.75,5.25,3.5,3.5,10.527720855862981,POISSON_STABLE,True,2023,45.0,1.1333333333333333,False,2023-11-01,True,0.9855453350854139,1.0,22,3.0,False,False,True,EXCEPTIONAL_SPIKE,1.0448605306507537
MED-0136,2024-08-01,17,NORTH,PATIENT_MONITORING,SENSOR MODULES,48.0,47.0,0.9791666666666666,1.0212765957446808,0.40190342572547605,1.0704225352112675,STABLE,31,5.0,1.0,5.0,4.0,4.0,10.685948405941259,POISSON_STABLE,True,2024,51.0,1.2745098039215685,False,2024-07-01,True,1.0183968462549278,5.0,30,3.0,False,False,True,EXCEPTIONAL_SPIKE,1.590874235416316
MED-0140,2024-02-01,38,EAST,PATIENT_MONITORING,ELECTRODES,48.0,11.0,0.22916666666666666,4.363636363636363,0.9248360339506171,3.9166666666666665,LUMPY,25,0.0,6.5,10.0,8.0,3.5,24.0,MEDIAN_RELAXED_LUMPY,True,2024,25.0,1.52,False,2023-08-01,True,6.044678055190539,,4,5.75,True,True,True,EXCEPTIONAL_SPIKE,1.5833333333333333
MED-0140,2025-11-01,38,EAST,PATIENT_MONITORING,ELECTRODES,48.0,11.0,0.22916666666666666,4.363636363636363,0.9248360339506171,3.9166666666666665,LUMPY,46,6.0,6.0,9.75,7.5,3.75,22.5,MEDIAN_RELAXED_LUMPY,True,2025,38.0,1.9736842105263157,False,2025-10-01,True,1.0183968462549278,6.0,9,6.0,False,False,True,EXCEPTIONAL_SPIKE,1.6888888888888889
MED-0145,2024-09-01,10,EAST,PATIENT_MONITORING,CABLES,48.0,46.0,0.9583333333333334,1.0434782608695652,0.39987345679012337,0.7,STABLE,32,3.0,2.0,4.25,3.0,2.25,9.723429837560271,POISSON_STABLE,True,2024,47.0,1.446808510638298,False,2024-08-01,True,1.0183968462549278,3.0,31,3.0,False,False,True,EXCEPTIONAL_SPIKE,1.028443683665138
MED-0145,2024-10-01,21,WEST,PATIENT_MONITORING,CABLES,48.0,46.0,0.9583333333333334,1.0434782608695652,0.39987345679012337,0.7,STABLE,33,10.0,2.0,4.25,3.0,2.25,10.527720855862981,POISSON_STABLE,True,2024,47.0,1.446808510638298,False,2024-09-01,True,0.9855453350854139,10.0,32,3.0,False,False,True,EXCEPTIONAL_SPIKE,1.9947337403332568
MED-0148,2024-04-01,10,EAST,PATIENT_MONITORING,POWER COMPONENTS,48.0,48.0,1.0,1.0,0.24548896318108354,0.6451612903225806,STABLE,27,2.0,2.0,5.0,3.0,3.0,9.55971473206198,POISSON_STABLE,True,2024,43.0,1.2790697674418605,False,2024-03-01,True,1.0183968462549278,2.0,27,2.0,False,False,True,EXCEPTIONAL_SPIKE,1.0460563186536689
MED-0150,2023-12-01,27,SOUTH,PATIENT_MONITORING,MECHANICAL COMPONENTS,42.0,10.0,0.23809523809523808,4.2,0.6220684352172241,3.335294117647059,LUMPY,17,0.0,7.0,9.0,8.0,2.0,24.0,MEDIAN_RELAXED_LUMPY,True,2023,5.0,8.6,True,2023-02-01,True,9.95400788436268,,3,5.5,True,True,True,EXCEPTIONAL_SPIKE,1.125
MED-0151,2025-12-01,24,NORTH,PATIENT_MONITORING,MECHANICAL COMPONENTS,18.0,3.0,0.16666666666666666,6.0,0.9679930795847751,6.352941176470589,LUMPY,17,0.0,4.0,6.0,5.0,2.0,12.5,MEDIAN_STRICT_LUMPY,True,2025,0.0,,True,2025-03-01,True,9.034165571616294,,2,4.0,True,True,True,EXCEPTIONAL_SPIKE,1.92
MED-0153,2024-05-01,15,CENTRAL,PATIENT_MONITORING,ELECTRODES,36.0,7.0,0.19444444444444445,5.142857142857143,0.5783475783475786,4.615384615384616,LUMPY,16,4.0,3.25,3.75,3.5,0.5,8.75,MEDIAN_STRICT_LUMPY,True,2024,3.0,7.333333333333333,True,2024-04-01,True,0.9855453350854139,4.0,2,3.25,False,False,True,EXCEPTIONAL_SPIKE,1.7142857142857142
MED-0156,2024-07-01,42,EAST,PATIENT_MONITORING,MECHANICAL COMPONENTS,48.0,12.0,0.25,4.0,0.42543200601051845,3.9545454545454546,INTERMITTENT,30,0.0,11.75,13.25,12.5,1.5,37.5,MEDIAN_RELAXED_INTERMITTENT,True,2024,46.0,0.9130434782608695,False,2023-12-01,True,6.9973718791064385,,8,10.25,True,True,True,EXCEPTIONAL_SPIKE,1.12
MED-0158,2025-11-01,7,EAST,PATIENT_MONITORING,CABLES,48.0,11.0,0.22916666666666666,4.363636363636363,0.5764060356652947,3.5555555555555554,LUMPY,46,0.0,2.0,3.0,2.0,1.0,6.0,MEDIAN_RELAXED_LUMPY,True,2025,3.0,5.0,True,2025-07-01,True,4.040735873850197,,10,2.0,False,False,True,EXCEPTIONAL_SPIKE,1.1666666666666667
MED-0161,2024-09-01,14,SOUTH,PATIENT_MONITORING,DISPLAY COMPONENTS,24.0,24.0,1.0,1.0,0.5773089786467714,1.7307692307692308,ERRATIC,8,3.0,2.5,4.0,3.0,1.5,8.5,IQR_ERRATIC,True,2024,,,True,2024-08-01,True,1.0183968462549278,3.0,8,2.5,False,False,True,EXCEPTIONAL_SPIKE,1.6470588235294117
MED-0161,2024-10-01,11,SOUTH,PATIENT_MONITORING,DISPLAY COMPONENTS,24.0,24.0,1.0,1.0,0.5773089786467714,1.7307692307692308,ERRATIC,9,14.0,3.0,4.0,3.0,1.0,7.0,IQR_ERRATIC,True,2024,,,True,2024-09-01,True,0.9855453350854139,14.0,9,3.0,False,False,True,EXCEPTIONAL_SPIKE,1.5714285714285714
MED-0165,2024-03-01,34,WEST,PATIENT_MONITORING,CONTROL MODULES,36.0,35.0,0.9722222222222222,1.0285714285714285,1.2761437908496729,1.7714285714285716,ERRATIC,14,0.0,3.0,5.0,4.5,2.0,11.0,IQR_ERRATIC,True,2024,60.0,1.35,False,2024-01-01,True,1.9710906701708277,,13,3.0,False,False,True,EXCEPTIONAL_SPIKE,3.090909090909091
MED-0165,2025-06-01,30,SOUTH,PATIENT_MONITORING,CONTROL MODULES,36.0,35.0,0.9722222222222222,1.0285714285714285,1.2761437908496729,1.7714285714285716,ERRATIC,29,5.0,2.0,4.25,3.5,2.25,11.0,IQR_ERRATIC,True,2025,81.0,0.8518518518518519,False,2025-05-01,True,1.0183968462549278,5.0,28,3.0,False,False,True,EXCEPTIONAL_SPIKE,2.727272727272727
MED-0166,2024-06-01,16,SOUTH,PATIENT_MONITORING,SENSORS,48.0,15.0,0.3125,3.2,0.4247258909973221,2.430379746835443,INTERMITTENT,29,0.0,3.0,4.75,3.5,1.75,10.5,MEDIAN_RELAXED_INTERMITTENT,True,2024,12.0,2.4166666666666665,True,2024-03-01,True,3.0223390275952693,,8,2.75,False,False,True,EXCEPTIONAL_SPIKE,1.5238095238095237
MED-0170,2024-08-01,26,SOUTH,PATIENT_MONITORING,DISPLAY COMPONENTS,48.0,48.0,1.0,1.0,0.6993929221098479,1.7591623036649215,ERRATIC,31,6.0,5.5,9.0,6.5,3.5,19.5,IQR_ERRATIC,True,2024,88.0,1.4772727272727273,False,2024-07-01,True,1.0183968462549278,6.0,31,4.0,False,False,True,EXCEPTIONAL_SPIKE,1.3333333333333333
MED-0170,2024-10-01,40,SOUTH,PATIENT_MONITORING,DISPLAY COMPONENTS,48.0,48.0,1.0,1.0,0.6993929221098479,1.7591623036649215,ERRATIC,33,7.0,5.5,7.5,6.5,2.0,13.5,IQR_ERRATIC,True,2024,88.0,1.4772727272727273,False,2024-09-01,True,0.9855453350854139,7.0,33,4.0,False,False,True,EXCEPTIONAL_SPIKE,2.962962962962963
MED-0173,2023-08-01,16,EAST,PATIENT_MONITORING,CABLES,48.0,16.0,0.3333333333333333,3.0,0.47649281934996224,3.4285714285714284,INTERMITTENT,19,4.0,2.0,4.0,3.0,2.0,9.0,MEDIAN_RELAXED_INTERMITTENT,True,2023,16.0,1.875,False,2023-07-01,True,1.0183968462549278,4.0,7,2.5,False,False,True,EXCEPTIONAL_SPIKE,1.7777777777777777
MED-0176,2025-05-01,10,NORTH,PATIENT_MONITORING,POWER COMPONENTS,18.0,18.0,1.0,1.0,0.6393242418074497,2.3823529411764706,ERRATIC,10,2.0,2.0,3.0,2.0,1.0,6.0,IQR_ERRATIC,True,2025,16.0,3.25,True,2025-04-01,True,0.9855453350854139,2.0,10,2.0,False,False,True,EXCEPTIONAL_SPIKE,1.6666666666666667
MED-0176,2025-07-01,12,NORTH,PATIENT_MONITORING,POWER COMPONENTS,18.0,18.0,1.0,1.0,0.6393242418074497,2.3823529411764706,ERRATIC,12,3.0,2.0,3.25,2.5,1.25,7.0,IQR_ERRATIC,True,2025,16.0,3.25,True,2025-06-01,True,0.9855453350854139,3.0,12,2.0,False,False,True,EXCEPTIONAL_SPIKE,1.7142857142857142
MED-0181,2023-09-01,11,NORTH,PATIENT_MONITORING,CONTROL MODULES,48.0,41.0,0.8541666666666666,1.170731707317073,0.3914520056388569,1.4901960784313726,STABLE,20,2.0,0.75,3.0,2.0,2.25,7.318527172024577,POISSON_STABLE,True,2023,44.0,0.8863636363636364,False,2023-08-01,True,1.0183968462549278,2.0,17,2.0,False,False,True,EXCEPTIONAL_SPIKE,1.5030346600403466
MED-0184,2025-01-01,40,NORTH,PATIENT_MONITORING,SENSORS,24.0,4.0,0.16666666666666666,6.0,0.6692176870748298,5.785714285714286,LUMPY,12,0.0,7.0,11.0,9.0,4.0,22.5,MEDIAN_STRICT_LUMPY,True,2025,18.0,5.222222222222222,True,2024-02-01,True,11.005256241787121,,2,7.0,True,True,True,EXCEPTIONAL_SPIKE,1.7777777777777777
MED-0191,2022-09-01,23,SOUTH,PATIENT_MONITORING,MECHANICAL COMPONENTS,48.0,7.0,0.14583333333333334,6.857142857142857,0.6243219921104536,4.384615384615385,LUMPY,8,0.0,7.5,8.5,8.0,1.0,20.0,MEDIAN_STRICT_LUMPY,True,2022,,,True,2022-05-01,True,4.040735873850197,,2,7.5,False,False,True,EXCEPTIONAL_SPIKE,1.15
MED-0192,2023-07-01,9,SOUTH,PATIENT_MONITORING,CABLES,48.0,13.0,0.2708333333333333,3.6923076923076925,0.28118518518518526,2.88,INTERMITTENT,18,0.0,1.5,2.0,2.0,0.5,6.0,MEDIAN_RELAXED_INTERMITTENT,True,2023,17.0,1.0588235294117647,False,2023-04-01,True,2.9894875164257555,,5,2.0,False,False,True,EXCEPTIONAL_SPIKE,1.5
MED-0200,2023-07-01,6,WEST,PATIENT_MONITORING,CONTROL MODULES,36.0,33.0,0.9166666666666666,1.0909090909090908,1.4164341517857144,2.571428571428571,ERRATIC,6,2.0,3.0,3.0,3.0,0.0,3.0,IQR_ERRATIC,True,2023,,,True,2023-06-01,True,0.9855453350854139,2.0,6,3.0,False,False,True,EXCEPTIONAL_SPIKE,2.0
MED-0200,2025-07-01,31,SOUTH,PATIENT_MONITORING,CONTROL MODULES,36.0,33.0,0.9166666666666666,1.0909090909090908,1.4164341517857144,2.571428571428571,ERRATIC,30,9.0,2.0,4.0,3.0,2.0,10.0,IQR_ERRATIC,True,2025,40.0,1.775,False,2025-06-01,True,0.9855453350854139,9.0,28,3.0,False,False,True,EXCEPTIONAL_SPIKE,3.1
MED-0203,2023-04-01,19,CENTRAL,PATIENT_MONITORING,POWER COMPONENTS,42.0,7.0,0.16666666666666666,6.0,1.0022786790463556,4.666666666666667,LUMPY,9,0.0,4.5,5.5,5.0,1.0,12.5,MEDIAN_STRICT_LUMPY,True,2023,10.0,6.9,True,2022-09-01,True,6.964520367936925,,2,4.5,False,False,True,EXCEPTIONAL_SPIKE,1.52
MED-0205,2022-10-01,16,WEST,PATIENT_MONITORING,CONTROL MODULES,48.0,44.0,0.9166666666666666,1.0909090909090908,0.38209316316306624,1.020408163265306,STABLE,9,4.0,4.0,6.0,4.0,2.0,13.998333166633326,POISSON_STABLE,True,2022,,,True,2022-09-01,True,0.9855453350854139,4.0,9,4.0,False,False,True,EXCEPTIONAL_SPIKE,1.1429932270891996
MED-0205,2022-11-01,16,WEST,PATIENT_MONITORING,CONTROL MODULES,48.0,44.0,0.9166666666666666,1.0909090909090908,0.38209316316306624,1.020408163265306,STABLE,10,16.0,4.0,8.25,4.5,4.25,15.759525373881349,POISSON_STABLE,True,2022,,,True,2022-10-01,True,1.0183968462549278,16.0,10,4.0,False,False,True,EXCEPTIONAL_SPIKE,1.0152590018045338
MED-0205,2024-03-01,12,WEST,PATIENT_MONITORING,CONTROL MODULES,48.0,44.0,0.9166666666666666,1.0909090909090908,0.38209316316306624,1.020408163265306,STABLE,26,4.0,0.0,6.0,4.0,6.0,10.208726403433653,POISSON_STABLE,True,2024,47.0,1.3829787234042554,False,2024-02-01,True,0.9526938239159001,4.0,22,4.0,False,False,True,EXCEPTIONAL_SPIKE,1.1754649430083524
MED-0205,2025-01-01,16,CENTRAL,PATIENT_MONITORING,CONTROL MODULES,48.0,44.0,0.9166666666666666,1.0909090909090908,0.38209316316306624,1.020408163265306,STABLE,36,12.0,2.75,7.25,4.5,4.5,13.562473358865216,POISSON_STABLE,True,2025,65.0,1.4923076923076923,False,2024-12-01,True,1.0183968462549278,12.0,32,3.75,False,False,True,EXCEPTIONAL_SPIKE,1.179725819667065
MED-0213,2023-11-01,19,CENTRAL,PATIENT_MONITORING,DISPLAY COMPONENTS,48.0,41.0,0.8541666666666666,1.170731707317073,0.6417281170280609,1.5,ERRATIC,22,7.0,3.75,7.25,6.0,3.5,17.75,IQR_ERRATIC,True,2023,35.0,2.257142857142857,True,2023-10-01,True,1.0183968462549278,7.0,18,3.25,False,False,True,EXCEPTIONAL_SPIKE,1.0704225352112675
MED-0213,2024-10-01,21,WEST,PATIENT_MONITORING,DISPLAY COMPONENTS,48.0,41.0,0.8541666666666666,1.170731707317073,0.6417281170280609,1.5,ERRATIC,33,4.0,1.75,5.5,4.0,3.75,16.75,IQR_ERRATIC,True,2024,79.0,0.7215189873417721,False,2024-09-01,True,0.9855453350854139,4.0,27,3.0,False,False,True,EXCEPTIONAL_SPIKE,1.2537313432835822
MED-0213,2025-04-01,16,WEST,PATIENT_MONITORING,DISPLAY COMPONENTS,48.0,41.0,0.8541666666666666,1.170731707317073,0.6417281170280609,1.5,ERRATIC,39,6.0,1.75,5.25,5.0,3.5,15.75,IQR_ERRATIC,True,2025,57.0,0.9298245614035088,False,2025-03-01,True,1.0183968462549278,6.0,33,3.0,False,False,True,EXCEPTIONAL_SPIKE,1.0158730158730158
MED-0214,2025-03-01,18,CENTRAL,PATIENT_MONITORING,MECHANICAL COMPONENTS,30.0,30.0,1.0,1.0,0.28290379223000955,1.4018691588785046,STABLE,20,9.0,4.75,9.0,7.5,4.25,16.948411872381445,POISSON_STABLE,True,2025,87.0,1.0919540229885059,False,2025-02-01,True,0.9198423127463863,9.0,20,5.0,False,False,True,EXCEPTIONAL_SPIKE,1.062046410928459
MED-0216,2023-03-01,10,EAST,PATIENT_MONITORING,POWER COMPONENTS,42.0,41.0,0.9761904761904762,1.024390243902439,0.2433184397357529,0.9528795811518324,STABLE,8,4.0,1.0,4.5,3.0,3.5,9.312184335382291,POISSON_STABLE,True,2023,19.0,3.0526315789473686,True,2023-02-01,True,0.9198423127463863,4.0,7,1.5,False,False,True,EXCEPTIONAL_SPIKE,1.0738619039148856
MED-0220,2022-12-01,19,SOUTH,PATIENT_MONITORING,SENSORS,48.0,11.0,0.22916666666666666,4.363636363636363,0.7472607742878012,5.405405405405405,LUMPY,11,0.0,3.5,4.5,4.0,1.0,12.0,MEDIAN_RELAXED_LUMPY,True,2022,,,True,2022-03-01,True,9.034165571616294,,2,3.5,True,True,True,EXCEPTIONAL_SPIKE,1.5833333333333333
MED-0224,2025-08-01,11,WEST,PATIENT_MONITORING,ELECTRODES,18.0,4.0,0.2222222222222222,4.5,1.1580161476355249,5.823529411764706,LUMPY,13,0.0,2.25,2.75,2.5,0.5,7.5,MEDIAN_RELAXED_LUMPY,True,2025,3.0,4.666666666666667,True,2025-01-01,True,6.964520367936925,,2,2.25,True,True,True,EXCEPTIONAL_SPIKE,1.4666666666666666
MED-0232,2022-09-01,10,SOUTH,RESPIRATORY,SENSORS,48.0,14.0,0.2916666666666667,3.4285714285714284,0.39561824438951104,2.4347826086956523,INTERMITTENT,8,0.0,2.5,3.5,3.0,1.0,9.0,MEDIAN_RELAXED_INTERMITTENT,True,2022,,,True,2022-02-01,True,6.964520367936925,,2,2.5,True,True,True,EXCEPTIONAL_SPIKE,1.1111111111111112
MED-0234,2024-10-01,8,CENTRAL,RESPIRATORY,VALVES,42.0,11.0,0.2619047619047619,3.8181818181818183,0.2592592592592593,2.404040404040404,INTERMITTENT,27,0.0,2.0,2.0,2.0,0.0,6.0,MEDIAN_RELAXED_INTERMITTENT,True,2024,36.0,0.2777777777777778,False,2024-05-01,True,5.026281208935611,,7,5.0,False,False,True,EXCEPTIONAL_SPIKE,1.3333333333333333
MED-0235,2022-08-01,10,NORTH,RESPIRATORY,SENSORS,48.0,41.0,0.8541666666666666,1.170731707317073,0.4513398535151967,1.3509933774834435,STABLE,7,2.0,0.5,3.0,2.0,2.5,6.949747468305833,POISSON_STABLE,True,2022,,,True,2022-07-01,True,1.0183968462549278,2.0,5,2.0,False,False,True,EXCEPTIONAL_SPIKE,1.4389012040516256
MED-0235,2024-10-01,10,NORTH,RESPIRATORY,SENSORS,48.0,41.0,0.8541666666666666,1.170731707317073,0.4513398535151967,1.3509933774834435,STABLE,33,3.0,1.75,4.0,3.0,2.25,8.382142733160748,POISSON_STABLE,True,2024,33.0,1.5151515151515151,False,2024-09-01,True,0.9855453350854139,3.0,27,2.0,False,False,True,EXCEPTIONAL_SPIKE,1.1930123738455105
MED-0235,2024-11-01,11,NORTH,RESPIRATORY,SENSORS,48.0,41.0,0.8541666666666666,1.170731707317073,0.4513398535151967,1.3509933774834435,STABLE,34,10.0,1.75,4.25,3.0,2.5,9.723429837560271,POISSON_STABLE,True,2024,33.0,1.5151515151515151,False,2024-10-01,True,1.0183968462549278,10.0,28,2.0,False,False,True,EXCEPTIONAL_SPIKE,1.1312880520316517
MED-0236,2024-01-01,12,EAST,RESPIRATORY,MOTORS,48.0,6.0,0.125,8.0,0.6181818181818183,4.363636363636363,LUMPY,24,0.0,1.75,3.25,2.5,1.5,6.25,MEDIAN_STRICT_LUMPY,True,2024,5.0,2.6,True,2023-05-01,True,8.04862023653088,,2,1.75,False,False,True,EXCEPTIONAL_SPIKE,1.92
MED-0237,2025-03-01,22,SOUTH,RESPIRATORY,DISPLAY COMPONENTS,42.0,41.0,0.9761904761904762,1.024390243902439,0.30588005528513906,1.3837209302325582,STABLE,32,3.0,3.75,6.25,6.0,2.5,14.286636435277174,POISSON_STABLE,True,2025,74.0,1.054054054054054,False,2025-02-01,True,0.9198423127463863,3.0,31,4.5,False,False,True,EXCEPTIONAL_SPIKE,1.5399005986935217
MED-0248,2023-09-01,8,WEST,RESPIRATORY,TUBING,36.0,16.0,0.4444444444444444,2.25,0.21333333333333332,2.4,INTERMITTENT,8,4.0,4.0,4.0,4.0,0.0,4.0,IQR_INTERMITTENT,True,2023,,,True,2023-08-01,True,1.0183968462549278,4.0,3,4.0,False,False,True,EXCEPTIONAL_SPIKE,2.0
MED-0251,2024-06-01,21,CENTRAL,RESPIRATORY,SENSORS,48.0,47.0,0.9791666666666666,1.0212765957446808,0.27209402555650036,1.187713310580205,STABLE,29,0.0,4.75,8.0,5.0,3.25,14.142705165797258,POISSON_STABLE,True,2024,75.0,1.1333333333333333,False,2024-04-01,True,2.0039421813403417,,28,5.0,False,False,True,EXCEPTIONAL_SPIKE,1.4848644409830756
MED-0252,2025-01-01,22,EAST,RESPIRATORY,SENSORS,42.0,42.0,1.0,1.0,0.5019714244479723,1.364102564102564,ERRATIC,30,5.0,2.0,5.0,4.0,3.0,14.0,IQR_ERRATIC,True,2025,46.0,1.4565217391304348,False,2024-12-01,True,1.0183968462549278,5.0,30,3.0,False,False,True,EXCEPTIONAL_SPIKE,1.5714285714285714
MED-0256,2024-03-01,68,EAST,RESPIRATORY,TUBING,36.0,6.0,0.16666666666666666,6.0,1.5176857330703482,6.9743589743589745,LUMPY,14,0.0,10.25,10.75,10.5,0.5,26.25,MEDIAN_STRICT_LUMPY,True,2024,21.0,4.428571428571429,True,2023-12-01,True,2.9894875164257555,,2,10.25,False,False,True,EXCEPTIONAL_SPIKE,2.5904761904761906
MED-0257,2024-10-01,9,WEST,RESPIRATORY,SENSORS,48.0,46.0,0.9583333333333334,1.0434782608695652,0.28530979817833796,1.096774193548387,STABLE,33,1.0,1.75,3.0,2.0,1.25,7.679671644115148,POISSON_STABLE,True,2024,50.0,0.68,False,2024-09-01,True,0.9855453350854139,1.0,32,2.0,False,False,True,EXCEPTIONAL_SPIKE,1.1719251052740784
MED-0264,2024-07-01,11,CENTRAL,RESPIRATORY,VALVES,48.0,14.0,0.2916666666666667,3.4285714285714284,0.4845415215785585,3.5555555555555554,INTERMITTENT,30,0.0,1.0,4.0,2.0,3.0,6.0,MEDIAN_RELAXED_INTERMITTENT,True,2024,22.0,0.5909090909090909,False,2024-02-01,True,4.9605781865965834,,11,2.5,False,False,True,EXCEPTIONAL_SPIKE,1.8333333333333333
MED-0267,2023-02-01,7,CENTRAL,RESPIRATORY,CONTROL MODULES,48.0,47.0,0.9791666666666666,1.0212765957446808,0.30035861146819315,0.9924812030075189,STABLE,13,2.0,1.0,2.0,2.0,1.0,6.949747468305833,POISSON_STABLE,True,2023,27.0,1.1481481481481481,False,2023-01-01,True,1.0183968462549278,2.0,13,1.0,False,False,True,EXCEPTIONAL_SPIKE,1.007230842836138
MED-0270,2025-06-01,39,EAST,RESPIRATORY,SENSORS,48.0,47.0,0.9791666666666666,1.0212765957446808,1.2949000976597496,2.31390134529148,ERRATIC,41,4.0,2.0,5.0,3.5,3.0,14.0,IQR_ERRATIC,True,2025,48.0,1.6875,False,2025-05-01,True,1.0183968462549278,4.0,40,2.75,False,False,True,EXCEPTIONAL_SPIKE,2.7857142857142856
MED-0275,2023-11-01,19,WEST,RESPIRATORY,SENSORS,36.0,36.0,1.0,1.0,0.402837651992756,1.5940959409594095,STABLE,10,2.0,3.0,8.75,6.0,5.75,14.573214099741122,POISSON_STABLE,True,2023,,,True,2023-10-01,True,1.0183968462549278,2.0,10,3.0,False,False,True,EXCEPTIONAL_SPIKE,1.3037618105355027
MED-0275,2024-10-01,21,WEST,RESPIRATORY,SENSORS,36.0,36.0,1.0,1.0,0.402837651992756,1.5940959409594095,STABLE,21,3.0,3.0,9.25,7.0,6.25,17.221581791084013,POISSON_STABLE,True,2024,89.0,1.101123595505618,False,2024-09-01,True,0.9855453350854139,3.0,21,3.0,False,False,True,EXCEPTIONAL_SPIKE,1.2194001837201829
MED-0283,2025-06-01,12,CENTRAL,RESPIRATORY,SENSORS,48.0,10.0,0.20833333333333334,4.8,0.3525979578492026,4.085106382978724,INTERMITTENT,41,0.0,2.5,3.5,3.0,1.0,9.0,MEDIAN_RELAXED_INTERMITTENT,True,2025,12.0,1.5833333333333333,False,2024-10-01,True,7.982917214191852,,7,3.5,True,True,True,EXCEPTIONAL_SPIKE,1.3333333333333333
MED-0285,2022-10-01,13,SOUTH,RESPIRATORY,SENSORS,48.0,44.0,0.9166666666666666,1.0909090909090908,0.2964663135191492,1.023696682464455,STABLE,9,8.0,2.0,5.0,3.0,3.0,9.940169534412803,POISSON_STABLE,True,2022,,,True,2022-09-01,True,0.9855453350854139,8.0,9,2.0,False,False,True,EXCEPTIONAL_SPIKE,1.307824776528618
MED-0286,2025-05-01,20,NORTH,RESPIRATORY,HEATING COMPONENTS,48.0,45.0,0.9375,1.0666666666666667,0.36395635260070175,0.8379052369077308,STABLE,40,8.0,3.75,7.25,7.0,3.5,14.286636435277174,POISSON_STABLE,True,2025,71.0,1.352112676056338,False,2025-04-01,True,0.9855453350854139,8.0,37,5.0,False,False,True,EXCEPTIONAL_SPIKE,1.3999096351759288
MED-0288,2024-06-01,7,EAST,RESPIRATORY,SENSORS,48.0,11.0,0.22916666666666666,4.363636363636363,0.6153256704980841,3.586206896551724,LUMPY,29,0.0,1.5,3.0,2.0,1.5,6.0,MEDIAN_RELAXED_LUMPY,True,2024,29.0,0.4827586206896552,False,2024-04-01,True,2.0039421813403417,,7,3.0,False,False,True,EXCEPTIONAL_SPIKE,1.1666666666666667
MED-0290,2023-05-01,10,WEST,RESPIRATORY,HEATING COMPONENTS,42.0,42.0,1.0,1.0,0.6203974949861688,1.634241245136187,ERRATIC,10,4.0,4.0,5.0,4.0,1.0,8.0,IQR_ERRATIC,True,2023,29.0,3.3448275862068964,True,2023-04-01,True,0.9855453350854139,4.0,10,4.0,False,False,True,EXCEPTIONAL_SPIKE,1.25
MED-0290,2023-09-01,32,NORTH,RESPIRATORY,HEATING COMPONENTS,42.0,42.0,1.0,1.0,0.6203974949861688,1.634241245136187,ERRATIC,14,5.0,3.75,6.25,5.0,2.5,13.75,IQR_ERRATIC,True,2023,29.0,3.3448275862068964,True,2023-08-01,True,1.0183968462549278,5.0,14,4.0,False,False,True,EXCEPTIONAL_SPIKE,2.327272727272727
MED-0291,2023-07-01,13,NORTH,RESPIRATORY,DISPLAY COMPONENTS,48.0,45.0,0.9375,1.0666666666666667,0.31185574755822687,0.8290909090909091,STABLE,18,7.0,3.0,7.0,4.5,4.0,12.528028475659202,POISSON_STABLE,True,2023,49.0,1.6326530612244898,False,2023-06-01,True,0.9855453350854139,7.0,16,3.75,False,False,True,EXCEPTIONAL_SPIKE,1.0376732480499862
MED-0292,2024-07-01,22,EAST,RESPIRATORY,SENSORS,30.0,5.0,0.16666666666666666,6.0,0.6108223062381853,4.782608695652174,LUMPY,12,0.0,5.5,6.5,6.0,1.0,15.0,MEDIAN_STRICT_LUMPY,True,2024,12.0,1.8333333333333333,True,2023-11-01,True,7.982917214191852,,2,5.5,False,False,True,EXCEPTIONAL_SPIKE,1.4666666666666666
MED-0293,2025-12-01,6,EAST,RESPIRATORY,MOTORS,30.0,14.0,0.4666666666666667,2.142857142857143,0.24034543998328514,2.3404255319148937,INTERMITTENT,29,0.0,2.0,3.0,2.0,1.0,5.5,IQR_INTERMITTENT,True,2025,10.0,1.8,False,2025-10-01,True,2.0039421813403417,,13,2.0,False,False,True,EXCEPTIONAL_SPIKE,1.0909090909090908
MED-0296,2023-07-01,90,WEST,RESPIRATORY,TUBING,48.0,8.0,0.16666666666666666,6.0,1.3681698119212042,5.73134328358209,LUMPY,18,0.0,14.0,30.0,22.0,16.0,55.0,MEDIAN_STRICT_LUMPY,True,2023,52.0,1.7307692307692308,False,2022-09-01,True,9.95400788436268,,3,7.0,True,True,True,EXCEPTIONAL_SPIKE,1.6363636363636365
MED-0297,2025-06-01,13,EAST,RESPIRATORY,VALVES,48.0,42.0,0.875,1.1428571428571428,0.864858536585366,2.1333333333333333,ERRATIC,41,5.0,2.75,4.25,3.5,1.5,8.75,IQR_ERRATIC,True,2025,40.0,2.175,True,2025-05-01,True,1.0183968462549278,5.0,35,3.0,False,False,True,EXCEPTIONAL_SPIKE,1.4857142857142858
MED-0297,2025-11-01,25,NORTH,RESPIRATORY,VALVES,48.0,42.0,0.875,1.1428571428571428,0.864858536585366,2.1333333333333333,ERRATIC,46,4.0,3.0,6.25,4.0,3.25,16.0,IQR_ERRATIC,True,2025,40.0,2.175,True,2025-10-01,True,1.0183968462549278,4.0,40,3.0,False,False,True,EXCEPTIONAL_SPIKE,1.5625
MED-0298,2024-10-01,52,CENTRAL,RESPIRATORY,TUBING,42.0,11.0,0.2619047619047619,3.8181818181818183,1.020768307322929,4.0588235294117645,LUMPY,27,0.0,13.0,15.0,14.0,2.0,42.0,MEDIAN_RELAXED_LUMPY,True,2024,37.0,1.7297297297297298,False,2024-07-01,True,3.0223390275952693,,6,12.0,False,False,True,EXCEPTIONAL_SPIKE,1.2380952380952381
MED-0298,2025-11-01,76,CENTRAL,RESPIRATORY,TUBING,42.0,11.0,0.2619047619047619,3.8181818181818183,1.020768307322929,4.0588235294117645,LUMPY,40,0.0,8.0,13.0,11.0,5.0,33.0,MEDIAN_RELAXED_LUMPY,True,2025,64.0,1.671875,False,2025-04-01,True,7.030223390275952,,10,11.25,True,True,True,EXCEPTIONAL_SPIKE,2.303030303030303
MED-0300,2024-02-01,28,WEST,RESPIRATORY,VALVES,48.0,8.0,0.16666666666666666,6.0,0.36348267117497896,4.153846153846154,INTERMITTENT,25,0.0,5.25,7.75,6.5,2.5,16.25,MEDIAN_STRICT_INTERMITTENT,True,2024,13.0,6.384615384615385,True,2023-05-01,True,9.067017082785808,,2,5.25,True,True,True,EXCEPTIONAL_SPIKE,1.7230769230769232
MED-0302,2023-04-01,32,WEST,RESPIRATORY,HEATING COMPONENTS,42.0,41.0,0.9761904761904762,1.024390243902439,0.44840397697540574,1.8461538461538465,STABLE,9,4.0,5.0,6.0,5.0,1.0,13.80513466939861,POISSON_STABLE,True,2023,33.0,2.8484848484848486,True,2023-03-01,True,1.0183968462549278,4.0,9,5.0,False,False,True,EXCEPTIONAL_SPIKE,2.3179781122261236
MED-0308,2024-12-01,12,NORTH,RESPIRATORY,MOTORS,42.0,40.0,0.9523809523809523,1.05,0.24429256943434638,1.0081521739130432,STABLE,29,6.0,3.0,5.0,3.0,2.0,10.368656420961033,POISSON_STABLE,True,2024,47.0,1.148936170212766,False,2024-11-01,True,0.9855453350854139,6.0,27,3.0,False,False,True,EXCEPTIONAL_SPIKE,1.157334134029273
MED-0310,2022-09-01,16,WEST,RESPIRATORY,CONTROL MODULES,48.0,47.0,0.9791666666666666,1.0212765957446808,0.3686226408722055,0.8571428571428572,STABLE,8,5.0,2.75,6.25,4.0,3.5,12.602790758036868,POISSON_STABLE,True,2022,,,True,2022-08-01,True,1.0183968462549278,5.0,7,3.0,False,False,True,EXCEPTIONAL_SPIKE,1.2695600765883313
MED-0312,2023-06-01,20,CENTRAL,RESPIRATORY,FILTERS,48.0,46.0,0.9583333333333334,1.0434782608695652,0.5104169810371711,1.6595744680851063,ERRATIC,17,5.0,3.0,5.25,4.0,2.25,12.0,IQR_ERRATIC,True,2023,47.0,1.1914893617021276,False,2023-05-01,True,1.0183968462549278,5.0,17,3.0,False,False,True,EXCEPTIONAL_SPIKE,1.6666666666666667
MED-0314,2024-01-01,11,EAST,RESPIRATORY,MOTORS,30.0,28.0,0.9333333333333333,1.0714285714285714,0.38957475994513036,1.6666666666666663,STABLE,6,5.0,3.25,4.0,4.0,0.75,10.368656420961033,POISSON_STABLE,True,2024,22.0,2.0,True,2023-12-01,True,1.0183968462549278,5.0,6,3.25,False,False,True,EXCEPTIONAL_SPIKE,1.0608896228601672
MED-0314,2024-12-01,10,EAST,RESPIRATORY,MOTORS,30.0,28.0,0.9333333333333333,1.0714285714285714,0.38957475994513036,1.6666666666666663,STABLE,17,3.0,1.0,4.25,3.0,3.25,9.55971473206198,POISSON_STABLE,True,2024,22.0,2.0,True,2024-11-01,True,0.9855453350854139,3.0,15,3.0,False,False,True,EXCEPTIONAL_SPIKE,1.0460563186536689
MED-0314,2025-04-01,11,CENTRAL,RESPIRATORY,MOTORS,30.0,28.0,0.9333333333333333,1.0714285714285714,0.38957475994513036,1.6666666666666663,STABLE,21,1.0,1.0,4.25,3.0,3.25,9.886146295405492,POISSON_STABLE,True,2025,44.0,1.3636363636363635,False,2025-03-01,True,1.0183968462549278,1.0,19,3.0,False,False,True,EXCEPTIONAL_SPIKE,1.1126681389604929
MED-0315,2024-01-01,4,NORTH,RESPIRATORY,SENSORS,42.0,11.0,0.2619047619047619,3.8181818181818183,0.27070312499999993,3.0625000000000004,INTERMITTENT,18,0.0,1.0,3.0,1.0,2.0,3.0,MEDIAN_RELAXED_INTERMITTENT,True,2024,10.0,1.2,False,2023-09-01,True,4.0078843626806835,,5,1.0,False,False,True,EXCEPTIONAL_SPIKE,1.3333333333333333
MED-0317,2024-11-01,12,NORTH,RESPIRATORY,SENSORS,48.0,44.0,0.9166666666666666,1.0909090909090908,0.2737104029093693,0.8444444444444444,STABLE,34,8.0,2.0,5.25,4.5,3.25,11.465434844830906,POISSON_STABLE,True,2024,54.0,1.1296296296296295,False,2024-10-01,True,1.0183968462549278,8.0,31,4.0,False,False,True,EXCEPTIONAL_SPIKE,1.0466240628814962
MED-0319,2024-02-01,8,EAST,RESPIRATORY,TUBING,36.0,15.0,0.4166666666666667,2.4,0.1336753983256819,2.956521739130435,INTERMITTENT,13,4.0,3.0,4.0,4.0,1.0,6.5,IQR_INTERMITTENT,True,2024,17.0,1.7058823529411764,False,2024-01-01,True,1.0183968462549278,4.0,5,3.0,False,False,True,EXCEPTIONAL_SPIKE,1.2307692307692308
MED-0326,2024-05-01,73,EAST,INFUSION,DISPLAY COMPONENTS,48.0,4.0,0.08333333333333333,12.0,0.8803329864724243,9.387096774193548,LUMPY,28,0.0,21.75,23.25,22.5,1.5,56.25,MEDIAN_STRICT_LUMPY,True,2024,45.0,1.6222222222222222,False,2023-10-01,True,6.9973718791064385,,3,13.5,False,False,True,EXCEPTIONAL_SPIKE,1.2977777777777777
MED-0328,2024-10-01,8,WEST,INFUSION,CABLES,42.0,10.0,0.23809523809523808,4.2,0.4739919975377039,2.486842105263158,INTERMITTENT,27,0.0,1.0,3.0,2.0,2.0,6.0,MEDIAN_RELAXED_INTERMITTENT,True,2024,2.0,8.0,True,2024-08-01,True,2.0039421813403417,,5,1.0,False,False,True,EXCEPTIONAL_SPIKE,1.3333333333333333
MED-0330,2023-04-01,8,WEST,INFUSION,CONTROL MODULES,48.0,43.0,0.8958333333333334,1.1162790697674418,0.5366303729940092,1.2363636363636363,ERRATIC,15,2.0,1.0,2.25,1.0,1.25,6.0,IQR_ERRATIC,True,2023,28.0,1.5,False,2023-03-01,True,1.0183968462549278,2.0,13,1.0,False,False,True,EXCEPTIONAL_SPIKE,1.3333333333333333
MED-0334,2024-08-01,16,EAST,INFUSION,SENSORS,24.0,21.0,0.875,1.1428571428571428,0.3943486020226057,2.5365853658536586,STABLE,7,8.0,2.0,8.5,8.0,6.5,14.08088597962647,POISSON_STABLE,True,2024,,,True,2024-07-01,True,1.0183968462549278,8.0,6,3.5,False,False,True,EXCEPTIONAL_SPIKE,1.136292135533963
MED-0335,2024-08-01,7,CENTRAL,INFUSION,SENSORS,24.0,23.0,0.9583333333333334,1.0434782608695652,0.5463545454545455,1.92,ERRATIC,7,4.0,2.5,3.5,3.0,1.0,6.5,IQR_ERRATIC,True,2024,,,True,2024-07-01,True,1.0183968462549278,4.0,7,2.5,False,False,True,EXCEPTIONAL_SPIKE,1.0769230769230769
MED-0335,2025-10-01,17,NORTH,INFUSION,SENSORS,24.0,23.0,0.9583333333333334,1.0434782608695652,0.5463545454545455,1.92,ERRATIC,21,2.0,2.75,5.0,3.5,2.25,11.75,IQR_ERRATIC,True,2025,42.0,1.380952380952381,False,2025-09-01,True,0.9855453350854139,2.0,20,3.0,False,False,True,EXCEPTIONAL_SPIKE,1.446808510638298
MED-0338,2023-02-01,10,SOUTH,INFUSION,CABLES,48.0,12.0,0.25,4.0,0.24489795918367352,4.5,INTERMITTENT,13,0.0,3.0,3.5,3.0,0.5,9.0,MEDIAN_RELAXED_INTERMITTENT,True,2023,15.0,0.8666666666666667,False,2022-06-01,True,8.04862023653088,,4,3.0,True,True,True,EXCEPTIONAL_SPIKE,1.1111111111111112
MED-0343,2023-05-01,23,EAST,INFUSION,MOTORS,48.0,42.0,0.875,1.1428571428571428,0.5591627767083492,1.375358166189112,ERRATIC,16,7.0,3.75,7.0,6.0,3.25,16.75,IQR_ERRATIC,True,2023,78.0,1.7564102564102564,False,2023-04-01,True,0.9855453350854139,7.0,16,3.75,False,False,True,EXCEPTIONAL_SPIKE,1.373134328358209
MED-0343,2025-10-01,13,CENTRAL,INFUSION,MOTORS,48.0,42.0,0.875,1.1428571428571428,0.5591627767083492,1.375358166189112,ERRATIC,45,6.0,3.0,5.25,4.5,2.25,12.0,IQR_ERRATIC,True,2025,76.0,0.7631578947368421,False,2025-09-01,True,0.9855453350854139,6.0,40,4.0,False,False,True,EXCEPTIONAL_SPIKE,1.0833333333333333
MED-0347,2025-03-01,41,WEST,INFUSION,MECHANICAL COMPONENTS,24.0,5.0,0.20833333333333334,4.8,0.47460937499999994,4.725,INTERMITTENT,14,0.0,8.75,14.25,11.5,5.5,34.5,MEDIAN_RELAXED_INTERMITTENT,True,2025,23.0,5.956521739130435,True,2024-08-01,True,6.964520367936925,,2,8.75,False,False,True,EXCEPTIONAL_SPIKE,1.1884057971014492
MED-0351,2025-02-01,11,SOUTH,INFUSION,SENSORS,48.0,44.0,0.9166666666666666,1.0909090909090908,0.2923450251760792,0.9902912621359222,STABLE,37,2.0,2.0,5.0,3.5,3.0,10.368656420961033,POISSON_STABLE,True,2025,42.0,1.4285714285714286,False,2025-01-01,True,1.0183968462549278,2.0,33,3.0,False,False,True,EXCEPTIONAL_SPIKE,1.0608896228601672
MED-0352,2023-09-01,11,CENTRAL,INFUSION,CONTROL MODULES,48.0,43.0,0.8958333333333334,1.1162790697674418,0.35283957888229633,1.1125827814569536,STABLE,20,3.0,2.0,4.0,3.0,2.0,9.229131355830765,POISSON_STABLE,True,2023,39.0,1.2820512820512822,False,2023-08-01,True,1.0183968462549278,3.0,17,3.0,False,False,True,EXCEPTIONAL_SPIKE,1.1918781492962975
MED-0353,2025-09-01,112,EAST,INFUSION,MECHANICAL COMPONENTS,30.0,6.0,0.2,5.0,1.0315822158396244,5.859030837004406,LUMPY,26,0.0,17.0,19.0,18.0,2.0,54.0,MEDIAN_RELAXED_LUMPY,True,2025,67.0,1.9104477611940298,False,2025-02-01,True,6.964520367936925,,5,16.0,True,True,True,EXCEPTIONAL_SPIKE,2.074074074074074
MED-0354,2024-08-01,11,EAST,INFUSION,CONTROL MODULES,30.0,29.0,0.9666666666666667,1.0344827586206897,0.31630886426592786,1.1513157894736843,STABLE,13,7.0,2.0,5.25,3.5,3.25,10.843366217438785,POISSON_STABLE,True,2024,23.0,2.6956521739130435,True,2024-07-01,True,1.0183968462549278,7.0,12,2.0,False,False,True,EXCEPTIONAL_SPIKE,1.0144451251963906
MED-0355,2025-04-01,22,WEST,INFUSION,POWER COMPONENTS,30.0,30.0,1.0,1.0,1.0288254310344833,2.25,ERRATIC,21,5.0,3.0,5.0,3.5,2.0,11.0,IQR_ERRATIC,True,2025,44.0,2.159090909090909,True,2025-03-01,True,1.0183968462549278,5.0,21,3.0,False,False,True,EXCEPTIONAL_SPIKE,2.0
MED-0355,2025-05-01,26,WEST,INFUSION,POWER COMPONENTS,30.0,30.0,1.0,1.0,1.0288254310344833,2.25,ERRATIC,22,22.0,3.0,5.0,4.0,2.0,11.0,IQR_ERRATIC,True,2025,44.0,2.159090909090909,True,2025-04-01,True,0.9855453350854139,22.0,22,3.0,False,False,True,EXCEPTIONAL_SPIKE,2.3636363636363638
MED-0357,2022-07-01,14,WEST,INFUSION,CONTROL MODULES,48.0,44.0,0.9166666666666666,1.0909090909090908,0.314669377346358,1.5355450236966826,STABLE,6,3.0,3.0,6.0,4.5,3.0,11.0,POISSON_STABLE,True,2022,,,True,2022-06-01,True,0.9855453350854139,3.0,5,3.0,False,False,True,EXCEPTIONAL_SPIKE,1.2727272727272727
MED-0358,2024-09-01,15,CENTRAL,INFUSION,DISPLAY COMPONENTS,30.0,4.0,0.13333333333333333,7.5,0.46258503401360546,7.500000000000001,INTERMITTENT,14,0.0,3.75,5.25,4.5,1.5,11.25,MEDIAN_STRICT_INTERMITTENT,True,2024,6.0,3.0,True,2024-02-01,True,6.9973718791064385,,2,3.75,False,False,True,EXCEPTIONAL_SPIKE,1.3333333333333333
MED-0360,2023-11-01,26,EAST,INFUSION,POWER COMPONENTS,48.0,6.0,0.125,8.0,0.5595010024504347,6.268656716417911,LUMPY,22,0.0,5.75,11.25,8.5,5.5,21.25,MEDIAN_STRICT_LUMPY,True,2023,3.0,13.333333333333334,True,2023-02-01,True,8.968462549277266,,2,5.75,True,True,True,EXCEPTIONAL_SPIKE,1.223529411764706
MED-0366,2025-11-01,19,WEST,INFUSION,MOTORS,24.0,7.0,0.2916666666666667,3.4285714285714284,0.8093887838689353,4.956521739130435,LUMPY,22,0.0,2.5,3.5,3.0,1.0,9.0,MEDIAN_RELAXED_LUMPY,True,2025,25.0,0.84,False,2025-03-01,True,8.04862023653088,,6,3.0,True,True,True,EXCEPTIONAL_SPIKE,2.111111111111111
MED-0370,2025-11-01,11,NORTH,INFUSION,CONTROL MODULES,18.0,17.0,0.9444444444444444,1.0588235294117647,0.3297351998650701,1.87012987012987,STABLE,16,7.0,2.0,6.25,3.0,4.25,10.527720855862981,POISSON_STABLE,True,2025,30.0,1.5666666666666667,True,2025-10-01,True,1.0183968462549278,7.0,15,2.5,False,False,True,EXCEPTIONAL_SPIKE,1.0448605306507537
MED-0372,2024-02-01,12,EAST,INFUSION,DISPLAY COMPONENTS,48.0,8.0,0.16666666666666666,6.0,0.17363135730482668,3.7142857142857144,INTERMITTENT,25,0.0,4.25,4.75,4.5,0.5,11.25,MEDIAN_STRICT_INTERMITTENT,True,2024,9.0,2.3333333333333335,True,2023-04-01,True,10.052562417871222,,4,4.75,True,True,True,EXCEPTIONAL_SPIKE,1.0666666666666667
MED-0381,2022-08-01,11,CENTRAL,INFUSION,MOTORS,48.0,13.0,0.2708333333333333,3.6923076923076925,0.19351208847736623,3.0,INTERMITTENT,7,2.0,2.5,3.5,3.0,1.0,9.0,MEDIAN_RELAXED_INTERMITTENT,True,2022,,,True,2022-07-01,True,1.0183968462549278,2.0,2,2.5,False,False,True,EXCEPTIONAL_SPIKE,1.2222222222222223
MED-0382,2023-04-01,31,EAST,INFUSION,MOTORS,48.0,11.0,0.22916666666666666,4.363636363636363,0.9812500000000001,4.7727272727272725,LUMPY,15,0.0,4.0,6.0,4.0,2.0,12.0,MEDIAN_RELAXED_LUMPY,True,2023,25.0,1.56,False,2022-09-01,True,6.964520367936925,,4,4.0,True,True,True,EXCEPTIONAL_SPIKE,2.5833333333333335
MED-0384,2023-06-01,10,CENTRAL,INFUSION,MOTORS,48.0,41.0,0.8541666666666666,1.170731707317073,0.3716681094508638,1.3251533742331287,STABLE,17,7.0,0.0,4.25,2.5,4.25,8.382142733160748,POISSON_STABLE,True,2023,47.0,0.6808510638297872,False,2023-05-01,True,1.0183968462549278,7.0,13,3.0,False,False,True,EXCEPTIONAL_SPIKE,1.1930123738455105
MED-0384,2024-07-01,10,EAST,INFUSION,MOTORS,48.0,41.0,0.8541666666666666,1.170731707317073,0.3716681094508638,1.3251533742331287,STABLE,30,3.0,2.0,3.5,3.0,1.5,9.55971473206198,POISSON_STABLE,True,2024,32.0,1.59375,False,2024-06-01,True,0.9855453350854139,3.0,26,2.0,False,False,True,EXCEPTIONAL_SPIKE,1.0460563186536689
MED-0387,2023-07-01,8,NORTH,INFUSION,CONTROL MODULES,48.0,41.0,0.8541666666666666,1.170731707317073,0.4220984237192721,1.315068493150685,STABLE,18,0.0,0.75,3.0,2.5,2.25,7.13514818874256,POISSON_STABLE,True,2023,29.0,1.206896551724138,False,2023-05-01,True,2.0039421813403417,,14,2.25,False,False,True,EXCEPTIONAL_SPIKE,1.121210069977517
MED-0387,2024-06-01,11,EAST,INFUSION,CONTROL MODULES,48.0,41.0,0.8541666666666666,1.170731707317073,0.4220984237192721,1.315068493150685,STABLE,29,7.0,0.75,3.25,2.5,2.5,8.55409338312195,POISSON_STABLE,True,2024,35.0,1.3428571428571427,False,2024-05-01,True,1.0183968462549278,7.0,23,2.0,False,False,True,EXCEPTIONAL_SPIKE,1.2859340560513473
MED-0388,2024-12-01,53,EAST,INFUSION,MECHANICAL COMPONENTS,24.0,8.0,0.3333333333333333,3.0,0.6191459131973298,4.356164383561644,LUMPY,11,0.0,12.5,17.0,16.0,4.5,48.0,MEDIAN_RELAXED_LUMPY,True,2024,,,True,2024-05-01,True,7.030223390275952,,3,12.5,True,True,True,EXCEPTIONAL_SPIKE,1.1041666666666667
MED-0390,2025-04-01,6,CENTRAL,INFUSION,CONTROL MODULES,18.0,14.0,0.7777777777777778,1.2857142857142858,0.4538967241669945,2.9189189189189193,STABLE,9,3.0,1.0,2.0,2.0,1.0,5.92082250679182,POISSON_STABLE,True,2025,6.0,5.166666666666667,True,2025-03-01,True,1.0183968462549278,3.0,7,1.5,False,False,True,EXCEPTIONAL_SPIKE,1.0133727185905936
MED-0392,2024-04-01,12,SOUTH,INFUSION,POWER COMPONENTS,48.0,47.0,0.9791666666666666,1.0212765957446808,0.26530365168964426,0.9773755656108596,STABLE,27,5.0,3.0,5.25,4.0,2.25,11.772220124202455,POISSON_STABLE,True,2024,54.0,1.1666666666666667,False,2024-03-01,True,1.0183968462549278,5.0,27,3.0,False,False,True,EXCEPTIONAL_SPIKE,1.0193489310762422
MED-0393,2024-11-01,42,SOUTH,INFUSION,CONTROL MODULES,48.0,46.0,0.9583333333333334,1.0434782608695652,1.8630550948958906,2.388059701492537,ERRATIC,34,2.0,2.0,4.25,2.0,2.25,11.0,IQR_ERRATIC,True,2024,44.0,1.7045454545454546,False,2024-10-01,True,1.0183968462549278,2.0,32,2.0,False,False,True,EXCEPTIONAL_SPIKE,3.8181818181818183
MED-0394,2024-10-01,51,CENTRAL,INFUSION,MOTORS,36.0,9.0,0.25,4.0,1.7276369120558017,6.873786407766991,LUMPY,21,9.0,4.0,9.5,6.5,5.5,19.5,MEDIAN_RELAXED_LUMPY,True,2024,7.0,11.857142857142858,True,2024-09-01,True,0.9855453350854139,9.0,5,4.0,False,False,True,EXCEPTIONAL_SPIKE,2.6153846153846154
MED-0395,2023-02-01,15,EAST,INFUSION,VALVES,42.0,39.0,0.9285714285714286,1.0769230769230769,0.40395884469093696,1.056603773584906,STABLE,7,0.0,3.5,6.5,5.0,3.0,12.313627791071045,POISSON_STABLE,True,2023,33.0,1.5454545454545454,True,2022-12-01,True,2.0367936925098555,,6,4.25,False,False,True,EXCEPTIONAL_SPIKE,1.2181625313440867
MED-0395,2024-04-01,17,EAST,INFUSION,VALVES,42.0,39.0,0.9285714285714286,1.0769230769230769,0.40395884469093696,1.056603773584906,STABLE,21,5.0,2.0,5.25,4.5,3.25,11.155874130906248,POISSON_STABLE,True,2024,51.0,1.3725490196078431,False,2024-03-01,True,1.0183968462549278,5.0,20,2.75,False,False,True,EXCEPTIONAL_SPIKE,1.523860864735214
MED-0396,2025-09-01,10,EAST,INFUSION,CONTROL MODULES,48.0,45.0,0.9375,1.0666666666666667,0.3497459734082802,0.7448275862068965,STABLE,44,3.0,1.0,3.25,2.0,2.25,7.679671644115148,POISSON_STABLE,True,2025,29.0,1.5517241379310345,False,2025-08-01,True,1.0183968462549278,3.0,41,2.0,False,False,True,EXCEPTIONAL_SPIKE,1.3021390058600872
MED-0397,2024-08-01,26,EAST,INFUSION,SENSORS,48.0,48.0,1.0,1.0,0.4896941489361704,1.21875,STABLE,31,1.0,4.5,7.25,6.5,2.75,13.998333166633326,POISSON_STABLE,True,2024,62.0,1.435483870967742,False,2024-07-01,True,1.0183968462549278,1.0,31,3.0,False,False,True,EXCEPTIONAL_SPIKE,1.8573639940199493
MED-0399,2025-03-01,20,SOUTH,INFUSION,SENSORS,36.0,32.0,0.8888888888888888,1.125,0.5890586215333278,1.8728323699421967,ERRATIC,26,2.0,2.75,7.0,6.0,4.25,19.75,IQR_ERRATIC,True,2025,61.0,0.9836065573770492,False,2025-02-01,True,0.9198423127463863,2.0,22,2.25,False,False,True,EXCEPTIONAL_SPIKE,1.0126582278481013
MED-0401,2023-06-01,10,NORTH,INFUSION,MOTORS,42.0,42.0,1.0,1.0,0.3014634146341463,1.1,STABLE,11,2.0,2.0,4.0,3.0,2.0,9.424996276929095,POISSON_STABLE,True,2023,22.0,1.8636363636363635,True,2023-05-01,True,1.0183968462549278,2.0,11,2.0,False,False,True,EXCEPTIONAL_SPIKE,1.0610083766800442
MED-0402,2024-05-01,44,CENTRAL,INFUSION,CABLES,36.0,35.0,0.9722222222222222,1.0285714285714285,0.9000244952234315,2.3832752613240418,ERRATIC,16,9.0,5.25,8.0,6.0,2.75,16.25,IQR_ERRATIC,True,2024,71.0,1.5211267605633803,False,2024-04-01,True,0.9855453350854139,9.0,16,3.0,False,False,True,EXCEPTIONAL_SPIKE,2.707692307692308
MED-0403,2024-12-01,23,EAST,INFUSION,SENSORS,30.0,30.0,1.0,1.0,0.3813613035126324,0.9223300970873788,STABLE,17,5.0,4.0,6.5,5.0,2.5,13.416237101988091,POISSON_STABLE,True,2024,39.0,2.2051282051282053,True,2024-11-01,True,0.9855453350854139,5.0,17,5.0,False,False,True,EXCEPTIONAL_SPIKE,1.714340602745589
MED-0410,2022-08-01,13,SOUTH,INFUSION,CONTROL MODULES,48.0,43.0,0.8958333333333334,1.1162790697674418,0.46386636200338144,1.6153846153846154,STABLE,7,5.0,2.0,5.0,4.0,3.0,9.90931212697929,POISSON_STABLE,True,2022,,,True,2022-07-01,True,1.0183968462549278,5.0,6,3.25,False,False,True,EXCEPTIONAL_SPIKE,1.3118973177367117
MED-0410,2023-05-01,17,SOUTH,INFUSION,CONTROL MODULES,48.0,43.0,0.8958333333333334,1.1162790697674418,0.46386636200338144,1.6153846153846154,STABLE,16,9.0,1.0,5.75,3.5,4.75,11.465434844830906,POISSON_STABLE,True,2023,51.0,1.196078431372549,False,2023-04-01,True,0.9855453350854139,9.0,14,1.5,False,False,True,EXCEPTIONAL_SPIKE,1.482717422415453
MED-0411,2024-11-01,11,CENTRAL,SURGICAL,VALVES,30.0,11.0,0.36666666666666664,2.727272727272727,0.4439508506616257,3.5869565217391304,INTERMITTENT,16,0.0,2.75,4.0,3.5,1.25,10.5,MEDIAN_RELAXED_INTERMITTENT,True,2024,7.0,3.4285714285714284,True,2024-05-01,True,6.044678055190539,,6,3.0,True,True,True,EXCEPTIONAL_SPIKE,1.0476190476190477
MED-0417,2025-11-01,39,SOUTH,SURGICAL,POWER COMPONENTS,18.0,18.0,1.0,1.0,1.8948079231692676,3.5357142857142856,ERRATIC,16,4.0,1.75,7.0,4.0,5.25,22.75,IQR_ERRATIC,True,2025,28.0,3.0,True,2025-10-01,True,1.0183968462549278,4.0,16,2.0,False,False,True,EXCEPTIONAL_SPIKE,1.7142857142857142
MED-0418,2025-05-01,14,WEST,SURGICAL,CABLES,48.0,46.0,0.9583333333333334,1.0434782608695652,0.42023642602282185,0.912280701754386,STABLE,40,4.0,2.0,4.0,3.0,2.0,9.723429837560271,POISSON_STABLE,True,2025,41.0,1.0731707317073171,False,2025-04-01,True,0.9855453350854139,4.0,40,2.0,False,False,True,EXCEPTIONAL_SPIKE,1.4398211571311932
MED-0424,2025-06-01,20,NORTH,SURGICAL,MOTORS,48.0,12.0,0.25,4.0,0.5905895078420765,2.9302325581395348,LUMPY,41,0.0,3.5,4.5,4.0,1.0,12.0,MEDIAN_RELAXED_LUMPY,True,2025,13.0,2.0,True,2024-11-01,True,6.964520367936925,,10,3.25,True,True,True,EXCEPTIONAL_SPIKE,1.6666666666666667
MED-0425,2025-02-01,30,EAST,SURGICAL,POWER COMPONENTS,30.0,29.0,0.9666666666666667,1.0344827586206897,1.7276785714285712,3.6206896551724137,ERRATIC,19,1.0,2.0,4.0,3.0,2.0,10.0,IQR_ERRATIC,True,2025,35.0,1.6857142857142857,False,2025-01-01,True,1.0183968462549278,1.0,18,2.0,False,False,True,EXCEPTIONAL_SPIKE,3.0
MED-0426,2024-06-01,37,WEST,SURGICAL,SENSORS,36.0,35.0,0.9722222222222222,1.0285714285714285,1.3290341385891562,2.2247191011235956,ERRATIC,17,6.0,3.0,4.25,3.5,1.25,8.0,IQR_ERRATIC,True,2024,56.0,1.5178571428571428,False,2024-05-01,True,1.0183968462549278,6.0,17,3.0,False,False,True,EXCEPTIONAL_SPIKE,4.625
MED-0438,2024-12-01,8,WEST,SURGICAL,POWER COMPONENTS,24.0,18.0,0.75,1.3333333333333333,0.3783607625875835,2.3157894736842106,INTERMITTENT,11,0.0,1.0,2.25,2.0,1.25,5.375,IQR_INTERMITTENT,True,2024,,,True,2024-10-01,True,2.0039421813403417,,8,1.0,False,False,True,EXCEPTIONAL_SPIKE,1.4883720930232558
MED-0438,2025-03-01,6,CENTRAL,SURGICAL,POWER COMPONENTS,24.0,18.0,0.75,1.3333333333333333,0.3783607625875835,2.3157894736842106,INTERMITTENT,14,2.0,2.0,3.0,2.0,1.0,5.5,IQR_INTERMITTENT,True,2025,24.0,1.375,False,2025-02-01,True,0.9198423127463863,2.0,11,1.5,False,False,True,EXCEPTIONAL_SPIKE,1.0909090909090908
MED-0440,2023-06-01,10,SOUTH,SURGICAL,USER INTERFACE,42.0,42.0,1.0,1.0,0.32248382571209155,1.151006711409396,STABLE,11,4.0,2.0,4.0,3.0,2.0,9.24425260184982,POISSON_STABLE,True,2023,18.0,2.4444444444444446,True,2023-05-01,True,1.0183968462549278,4.0,11,2.0,False,False,True,EXCEPTIONAL_SPIKE,1.0817532179939513
MED-0441,2025-10-01,11,CENTRAL,SURGICAL,CONTROL MODULES,48.0,47.0,0.9791666666666666,1.0212765957446808,0.31809224790457946,1.348314606741573,STABLE,45,2.0,2.0,4.0,2.5,2.0,9.394962313684932,POISSON_STABLE,True,2025,39.0,1.2564102564102564,False,2025-09-01,True,0.9855453350854139,2.0,45,2.0,False,False,True,EXCEPTIONAL_SPIKE,1.1708402474352804
MED-0444,2023-04-01,8,WEST,SURGICAL,POWER COMPONENTS,42.0,35.0,0.8333333333333334,1.2,0.9650856026403803,1.5821917808219177,ERRATIC,9,2.0,1.0,2.0,2.0,1.0,5.0,IQR_ERRATIC,True,2023,9.0,5.333333333333333,True,2023-03-01,True,1.0183968462549278,2.0,7,1.5,False,False,True,EXCEPTIONAL_SPIKE,1.6
MED-0444,2023-05-01,6,WEST,SURGICAL,POWER COMPONENTS,42.0,35.0,0.8333333333333334,1.2,0.9650856026403803,1.5821917808219177,ERRATIC,10,8.0,1.0,2.0,2.0,1.0,5.0,IQR_ERRATIC,True,2023,9.0,5.333333333333333,True,2023-04-01,True,0.9855453350854139,8.0,8,1.75,False,False,True,EXCEPTIONAL_SPIKE,1.2
MED-0444,2023-08-01,13,WEST,SURGICAL,POWER COMPONENTS,42.0,35.0,0.8333333333333334,1.2,0.9650856026403803,1.5821917808219177,ERRATIC,13,3.0,1.75,4.0,2.0,2.25,10.75,IQR_ERRATIC,True,2023,9.0,5.333333333333333,True,2023-07-01,True,1.0183968462549278,3.0,11,2.0,False,False,True,EXCEPTIONAL_SPIKE,1.2093023255813953
MED-0444,2025-07-01,22,WEST,SURGICAL,POWER COMPONENTS,42.0,35.0,0.8333333333333334,1.2,0.9650856026403803,1.5821917808219177,ERRATIC,36,5.0,1.0,5.0,3.0,4.0,17.0,IQR_ERRATIC,True,2025,38.0,1.3421052631578947,False,2025-06-01,True,0.9855453350854139,5.0,29,2.0,False,False,True,EXCEPTIONAL_SPIKE,1.2941176470588236
MED-0448,2024-01-01,13,EAST,SURGICAL,CONTROL MODULES,48.0,47.0,0.9791666666666666,1.0212765957446808,0.37499999999999994,1.2765957446808511,STABLE,24,7.0,1.75,5.25,2.5,3.5,9.723429837560271,POISSON_STABLE,True,2024,40.0,1.225,False,2023-12-01,True,1.0183968462549278,7.0,24,2.0,False,False,True,EXCEPTIONAL_SPIKE,1.3369767887646795
MED-0449,2025-03-01,8,SOUTH,SURGICAL,CONTROL MODULES,18.0,14.0,0.7777777777777778,1.2857142857142858,0.6244658119658121,2.8125,ERRATIC,8,3.0,1.75,3.0,2.5,1.25,6.75,IQR_ERRATIC,True,2025,17.0,1.8235294117647058,True,2025-02-01,True,0.9198423127463863,3.0,8,1.75,False,False,True,EXCEPTIONAL_SPIKE,1.1851851851851851
MED-0451,2025-03-01,12,EAST,SURGICAL,MOTORS,48.0,14.0,0.2916666666666667,3.4285714285714284,0.5479974570883663,2.1818181818181817,LUMPY,38,1.0,1.0,2.0,1.5,1.0,4.5,MEDIAN_RELAXED_LUMPY,True,2025,10.0,2.5,True,2025-02-01,True,0.9198423127463863,1.0,11,1.5,False,False,True,EXCEPTIONAL_SPIKE,2.6666666666666665
MED-0452,2023-05-01,11,EAST,SURGICAL,POWER COMPONENTS,48.0,9.0,0.1875,5.333333333333333,0.3916580578512396,3.0,INTERMITTENT,16,0.0,1.5,4.5,2.0,3.0,5.0,MEDIAN_STRICT_INTERMITTENT,True,2023,1.0,20.0,True,2023-03-01,True,2.0039421813403417,,3,1.5,False,False,True,EXCEPTIONAL_SPIKE,2.2
MED-0456,2025-12-01,11,EAST,SURGICAL,MOTORS,48.0,43.0,0.8958333333333334,1.1162790697674418,0.22456870175193797,0.861878453038674,STABLE,47,3.0,2.5,5.25,3.5,2.75,10.208726403433653,POISSON_STABLE,True,2025,44.0,1.2272727272727273,False,2025-11-01,True,0.9855453350854139,3.0,42,3.0,False,False,True,EXCEPTIONAL_SPIKE,1.0775095310909897
MED-0457,2025-03-01,13,EAST,SURGICAL,POWER COMPONENTS,36.0,34.0,0.9444444444444444,1.0588235294117647,0.34563506190419685,1.4339622641509435,STABLE,26,2.0,2.0,4.25,4.0,2.25,9.723429837560271,POISSON_STABLE,True,2025,43.0,1.5116279069767442,False,2025-02-01,True,0.9198423127463863,2.0,25,2.0,False,False,True,EXCEPTIONAL_SPIKE,1.3369767887646795
MED-0458,2023-06-01,24,EAST,SURGICAL,POWER COMPONENTS,42.0,37.0,0.8809523809523809,1.135135135135135,0.8807510204081631,2.04,ERRATIC,11,4.0,1.0,4.0,2.0,3.0,13.0,IQR_ERRATIC,True,2023,14.0,4.571428571428571,True,2023-05-01,True,1.0183968462549278,4.0,11,1.0,False,False,True,EXCEPTIONAL_SPIKE,1.8461538461538463
MED-0458,2024-07-01,15,EAST,SURGICAL,POWER COMPONENTS,42.0,37.0,0.8809523809523809,1.135135135135135,0.8807510204081631,2.04,ERRATIC,24,4.0,1.0,4.25,4.0,3.25,14.0,IQR_ERRATIC,True,2024,64.0,0.890625,False,2024-06-01,True,0.9855453350854139,4.0,22,1.0,False,False,True,EXCEPTIONAL_SPIKE,1.0714285714285714
MED-0458,2024-12-01,9,EAST,SURGICAL,POWER COMPONENTS,42.0,37.0,0.8809523809523809,1.135135135135135,0.8807510204081631,2.04,ERRATIC,29,3.0,3.75,4.25,4.0,0.5,5.75,IQR_ERRATIC,True,2024,64.0,0.890625,False,2024-11-01,True,0.9855453350854139,3.0,27,1.5,False,False,True,EXCEPTIONAL_SPIKE,1.565217391304348
MED-0462,2022-11-01,23,SOUTH,SURGICAL,VALVES,48.0,9.0,0.1875,5.333333333333333,0.22680788897005108,2.5945945945945947,INTERMITTENT,10,0.0,5.0,10.5,8.0,5.5,20.0,MEDIAN_STRICT_INTERMITTENT,True,2022,,,True,2022-07-01,True,4.040735873850197,,3,5.0,False,False,True,EXCEPTIONAL_SPIKE,1.15
MED-0467,2024-03-01,14,CENTRAL,SURGICAL,MOTORS,48.0,44.0,0.9166666666666666,1.0909090909090908,0.33542484669119066,1.177570093457944,STABLE,26,6.0,3.0,5.25,4.5,2.25,11.619164331464798,POISSON_STABLE,True,2024,48.0,1.4375,False,2024-02-01,True,0.9526938239159001,6.0,24,3.0,False,False,True,EXCEPTIONAL_SPIKE,1.2049059296018285
MED-0468,2023-12-01,12,NORTH,SURGICAL,LIGHTING COMPONENTS,48.0,41.0,0.8541666666666666,1.170731707317073,1.0886834319526628,2.123076923076923,ERRATIC,23,4.0,1.0,3.25,2.0,2.25,10.0,IQR_ERRATIC,True,2023,33.0,1.1818181818181819,False,2023-11-01,True,0.9855453350854139,4.0,21,2.0,False,False,True,EXCEPTIONAL_SPIKE,1.2
MED-0468,2025-06-01,18,SOUTH,SURGICAL,LIGHTING COMPONENTS,48.0,41.0,0.8541666666666666,1.170731707317073,1.0886834319526628,2.123076923076923,ERRATIC,41,1.0,1.0,3.25,2.0,2.25,10.0,IQR_ERRATIC,True,2025,27.0,1.1481481481481481,False,2025-05-01,True,1.0183968462549278,1.0,36,1.0,False,False,True,EXCEPTIONAL_SPIKE,1.8
MED-0469,2022-07-01,11,SOUTH,SURGICAL,CONTROL MODULES,48.0,47.0,0.9791666666666666,1.0212765957446808,0.28468891145268027,0.923076923076923,STABLE,6,5.0,3.0,4.75,3.5,1.75,10.685948405941259,POISSON_STABLE,True,2022,,,True,2022-06-01,True,0.9855453350854139,5.0,6,3.0,False,False,True,EXCEPTIONAL_SPIKE,1.0293892111517338
MED-0471,2023-11-01,27,NORTH,SURGICAL,MOTORS,36.0,11.0,0.3055555555555556,3.272727272727273,0.807495538370018,3.951219512195122,LUMPY,10,0.0,5.25,5.75,5.5,0.5,16.5,MEDIAN_RELAXED_LUMPY,True,2023,,,True,2023-03-01,True,8.04862023653088,,2,5.25,True,True,True,EXCEPTIONAL_SPIKE,1.6363636363636365
MED-0473,2025-12-01,52,CENTRAL,SURGICAL,MECHANICAL COMPONENTS,48.0,10.0,0.20833333333333334,4.8,0.7426210566856905,3.692307692307692,LUMPY,47,0.0,9.0,11.0,10.0,2.0,30.0,MEDIAN_RELAXED_LUMPY,True,2025,10.0,7.2,True,2025-05-01,True,7.030223390275952,,9,10.0,False,False,True,EXCEPTIONAL_SPIKE,1.7333333333333334
MED-0478,2022-11-01,14,SOUTH,SURGICAL,CONTROL MODULES,48.0,42.0,0.875,1.1428571428571428,0.5469899695344653,1.2972972972972971,ERRATIC,10,4.0,2.0,3.75,2.5,1.75,9.0,IQR_ERRATIC,True,2022,,,True,2022-10-01,True,1.0183968462549278,4.0,9,2.0,False,False,True,EXCEPTIONAL_SPIKE,1.5555555555555556
MED-0481,2024-05-01,33,CENTRAL,SURGICAL,SENSORS,42.0,5.0,0.11904761904761904,8.4,0.5888888888888889,6.159999999999999,LUMPY,22,0.0,5.5,12.5,9.0,7.0,22.5,MEDIAN_STRICT_LUMPY,True,2024,18.0,1.8333333333333333,False,2023-10-01,True,6.9973718791064385,,2,5.5,False,False,True,EXCEPTIONAL_SPIKE,1.4666666666666666
MED-0489,2023-01-01,28,SOUTH,SURGICAL,VALVES,48.0,9.0,0.1875,5.333333333333333,0.421458949704142,3.230769230769231,INTERMITTENT,12,0.0,9.0,14.5,11.0,5.5,27.5,MEDIAN_STRICT_INTERMITTENT,True,2023,36.0,1.3888888888888888,False,2022-06-01,True,7.030223390275952,,3,9.0,True,True,True,EXCEPTIONAL_SPIKE,1.018181818181818
MED-0493,2025-12-01,38,NORTH,SURGICAL,CABLES,48.0,19.0,0.3958333333333333,2.526315789473684,1.6928425155238471,4.758620689655173,LUMPY,47,0.0,3.0,3.75,3.0,0.75,9.0,MEDIAN_RELAXED_LUMPY,True,2025,13.0,4.3076923076923075,True,2025-09-01,True,2.9894875164257555,,18,3.0,False,False,True,EXCEPTIONAL_SPIKE,4.222222222222222
MED-0494,2024-08-01,5,EAST,SURGICAL,CABLES,48.0,14.0,0.2916666666666667,3.4285714285714284,0.3173076923076923,2.357142857142857,INTERMITTENT,31,0.0,1.0,3.5,1.0,2.5,3.5,MEDIAN_RELAXED_INTERMITTENT,True,2024,22.0,0.5,False,2024-01-01,True,6.9973718791064385,,12,1.75,True,True,True,EXCEPTIONAL_SPIKE,1.4285714285714286
MED-0495,2022-07-01,11,NORTH,SURGICAL,LIGHTING COMPONENTS,48.0,45.0,0.9375,1.0666666666666667,0.33669006381197225,1.1528384279475985,STABLE,6,5.0,2.25,5.0,4.0,2.75,10.685948405941259,POISSON_STABLE,True,2022,,,True,2022-06-01,True,0.9855453350854139,5.0,6,2.25,False,False,True,EXCEPTIONAL_SPIKE,1.0293892111517338
MED-0495,2025-01-01,15,EAST,SURGICAL,LIGHTING COMPONENTS,48.0,45.0,0.9375,1.0666666666666667,0.33669006381197225,1.1528384279475985,STABLE,36,1.0,3.5,5.25,5.0,1.75,12.227530814809171,POISSON_STABLE,True,2025,56.0,0.8928571428571429,False,2024-12-01,True,1.0183968462549278,1.0,34,3.25,False,False,True,EXCEPTIONAL_SPIKE,1.2267399058060846
MED-0503,2023-03-01,12,NORTH,LABORATORY,POWER COMPONENTS,42.0,37.0,0.8809523809523809,1.135135135135135,0.6538533251124544,2.0938864628820957,ERRATIC,8,7.0,2.5,4.5,3.5,2.0,10.5,IQR_ERRATIC,True,2023,21.0,3.1904761904761907,True,2023-02-01,True,0.9198423127463863,7.0,8,2.5,False,False,True,EXCEPTIONAL_SPIKE,1.1428571428571428
MED-0503,2024-06-01,30,CENTRAL,LABORATORY,POWER COMPONENTS,42.0,37.0,0.8809523809523809,1.135135135135135,0.6538533251124544,2.0938864628820957,ERRATIC,23,0.0,3.5,8.25,5.5,4.75,22.5,IQR_ERRATIC,True,2024,67.0,1.164179104477612,False,2024-04-01,True,2.0039421813403417,,21,3.0,False,False,True,EXCEPTIONAL_SPIKE,1.3333333333333333
MED-0505,2022-07-01,15,EAST,LABORATORY,USER INTERFACE,48.0,46.0,0.9583333333333334,1.0434782608695652,0.2599061899269512,1.0823529411764703,STABLE,6,7.0,0.5,4.0,3.0,3.5,8.724711214044547,POISSON_STABLE,True,2022,,,True,2022-06-01,True,0.9855453350854139,7.0,4,3.5,False,False,True,EXCEPTIONAL_SPIKE,1.719254612789229
MED-0507,2025-10-01,11,CENTRAL,LABORATORY,MOTORS,42.0,37.0,0.8809523809523809,1.135135135135135,0.3542603174603174,1.38,STABLE,39,3.0,1.75,5.25,3.5,3.5,10.208726403433653,POISSON_STABLE,True,2025,47.0,1.0212765957446808,False,2025-09-01,True,0.9855453350854139,3.0,35,3.0,False,False,True,EXCEPTIONAL_SPIKE,1.0775095310909897
MED-0508,2023-05-01,21,NORTH,LABORATORY,USER INTERFACE,48.0,45.0,0.9375,1.0666666666666667,0.7278470944222754,1.8025751072961371,ERRATIC,16,5.0,1.75,6.0,5.0,4.25,18.75,IQR_ERRATIC,True,2023,48.0,1.3541666666666667,False,2023-04-01,True,0.9855453350854139,5.0,15,3.0,False,False,True,EXCEPTIONAL_SPIKE,1.12
MED-0508,2024-10-01,26,CENTRAL,LABORATORY,USER INTERFACE,48.0,45.0,0.9375,1.0666666666666667,0.7278470944222754,1.8025751072961371,ERRATIC,33,2.0,3.0,5.25,4.5,2.25,12.0,IQR_ERRATIC,True,2024,65.0,1.0769230769230769,False,2024-09-01,True,0.9855453350854139,2.0,31,3.0,False,False,True,EXCEPTIONAL_SPIKE,2.1666666666666665
MED-0512,2025-01-01,14,WEST,LABORATORY,SENSORS,24.0,23.0,0.9583333333333334,1.0434782608695652,0.3948191094619665,1.885714285714286,STABLE,12,7.0,3.75,7.5,4.5,3.75,13.853510679275395,POISSON_STABLE,True,2025,67.0,1.0895522388059702,False,2024-12-01,True,1.0183968462549278,7.0,12,3.75,False,False,True,EXCEPTIONAL_SPIKE,1.0105741659364187
MED-0513,2023-10-01,11,SOUTH,LABORATORY,SENSORS,48.0,15.0,0.3125,3.2,0.46599909713957394,2.6440677966101696,INTERMITTENT,21,0.0,3.0,4.5,3.0,1.5,9.0,MEDIAN_RELAXED_INTERMITTENT,True,2023,3.0,8.0,True,2023-08-01,True,2.0039421813403417,,3,3.0,False,False,True,EXCEPTIONAL_SPIKE,1.2222222222222223
MED-0517,2024-10-01,11,SOUTH,LABORATORY,MOTORS,48.0,18.0,0.375,2.6666666666666665,0.36249005325335115,2.5806451612903225,INTERMITTENT,33,0.0,2.75,4.5,3.5,1.75,10.5,MEDIAN_RELAXED_INTERMITTENT,True,2024,17.0,1.7058823529411764,False,2024-07-01,True,3.0223390275952693,,13,3.0,False,False,True,EXCEPTIONAL_SPIKE,1.0476190476190477
MED-0522,2025-06-01,13,EAST,LABORATORY,POWER COMPONENTS,36.0,33.0,0.9166666666666666,1.0909090909090908,0.5134031169204252,1.1186440677966103,ERRATIC,29,3.0,2.0,4.25,3.0,2.25,11.0,IQR_ERRATIC,True,2025,35.0,1.3714285714285714,False,2025-05-01,True,1.0183968462549278,3.0,26,2.0,False,False,True,EXCEPTIONAL_SPIKE,1.1818181818181819
MED-0523,2023-11-01,41,CENTRAL,LABORATORY,POWER COMPONENTS,36.0,35.0,0.9722222222222222,1.0285714285714285,1.69064734844828,3.370786516853933,ERRATIC,10,5.0,1.25,5.0,3.5,3.75,16.25,IQR_ERRATIC,True,2023,,,True,2023-10-01,True,1.0183968462549278,5.0,10,1.25,False,False,True,EXCEPTIONAL_SPIKE,2.523076923076923
MED-0524,2025-07-01,11,SOUTH,LABORATORY,POWER COMPONENTS,48.0,45.0,0.9375,1.0666666666666667,0.6477100572700877,1.6179775280898876,ERRATIC,42,4.0,1.75,4.0,3.0,2.25,10.75,IQR_ERRATIC,True,2025,38.0,1.1842105263157894,False,2025-06-01,True,0.9855453350854139,4.0,40,2.0,False,False,True,EXCEPTIONAL_SPIKE,1.0232558139534884
MED-0528,2024-08-01,26,EAST,LABORATORY,CONTROL MODULES,42.0,36.0,0.8571428571428571,1.1666666666666667,1.1671554566656834,2.1335616438356166,ERRATIC,25,2.0,0.75,2.5,2.0,1.75,7.75,IQR_ERRATIC,True,2024,42.0,1.1428571428571428,False,2024-07-01,True,1.0183968462549278,2.0,21,2.0,False,False,True,EXCEPTIONAL_SPIKE,3.3548387096774195
MED-0532,2025-11-01,14,EAST,LABORATORY,PUMPS,30.0,30.0,1.0,1.0,0.25617625969623875,0.8967391304347826,STABLE,28,3.0,3.0,6.25,6.0,3.25,13.562473358865216,POISSON_STABLE,True,2025,78.0,0.8974358974358975,False,2025-10-01,True,1.0183968462549278,3.0,28,4.0,False,False,True,EXCEPTIONAL_SPIKE,1.032260092208682
MED-0534,2022-11-01,35,WEST,LABORATORY,USER INTERFACE,48.0,48.0,1.0,1.0,0.7152919992966414,1.6581818181818182,ERRATIC,10,6.0,4.0,5.75,4.5,1.75,11.0,IQR_ERRATIC,True,2022,,,True,2022-10-01,True,1.0183968462549278,6.0,10,4.0,False,False,True,EXCEPTIONAL_SPIKE,3.1818181818181817
MED-0535,2023-01-01,12,NORTH,LABORATORY,VALVES,48.0,46.0,0.9583333333333334,1.0434782608695652,0.3893115983273759,0.793388429752066,STABLE,12,7.0,3.0,5.25,4.5,2.25,11.31101174978427,POISSON_STABLE,True,2023,50.0,1.22,False,2022-12-01,True,1.0183968462549278,7.0,11,3.0,False,False,True,EXCEPTIONAL_SPIKE,1.0609130522942716
MED-0535,2024-08-01,17,NORTH,LABORATORY,VALVES,48.0,46.0,0.9583333333333334,1.0434782608695652,0.3893115983273759,0.793388429752066,STABLE,31,3.0,3.0,6.0,4.5,3.0,11.772220124202455,POISSON_STABLE,True,2024,61.0,1.1147540983606556,False,2024-07-01,True,1.0183968462549278,3.0,30,3.0,False,False,True,EXCEPTIONAL_SPIKE,1.4440776523580099
MED-0535,2025-03-01,14,NORTH,LABORATORY,VALVES,48.0,46.0,0.9583333333333334,1.0434782608695652,0.3893115983273759,0.793388429752066,STABLE,38,5.0,3.0,6.0,4.5,3.0,13.562473358865216,POISSON_STABLE,True,2025,68.0,0.9264705882352942,False,2025-02-01,True,0.9198423127463863,5.0,37,3.0,False,False,True,EXCEPTIONAL_SPIKE,1.032260092208682
MED-0537,2023-09-01,21,WEST,LABORATORY,CONTROL MODULES,48.0,47.0,0.9791666666666666,1.0212765957446808,0.6144042105973798,1.5737704918032789,ERRATIC,20,2.0,1.75,4.25,3.0,2.5,11.75,IQR_ERRATIC,True,2023,44.0,1.2045454545454546,False,2023-08-01,True,1.0183968462549278,2.0,19,2.5,False,False,True,EXCEPTIONAL_SPIKE,1.7872340425531914
MED-0538,2025-01-01,13,NORTH,LABORATORY,SENSORS,30.0,28.0,0.9333333333333333,1.0714285714285714,0.3799878619341489,1.25748502994012,STABLE,18,6.0,2.5,6.0,4.0,3.5,11.0,POISSON_STABLE,True,2025,48.0,1.6458333333333333,False,2024-12-01,True,1.0183968462549278,6.0,16,3.0,False,False,True,EXCEPTIONAL_SPIKE,1.1818181818181819
MED-0538,2025-05-01,16,EAST,LABORATORY,SENSORS,30.0,28.0,0.9333333333333333,1.0714285714285714,0.3799878619341489,1.25748502994012,STABLE,22,3.0,3.0,7.5,5.0,4.5,13.853510679275395,POISSON_STABLE,True,2025,48.0,1.6458333333333333,False,2025-04-01,True,0.9855453350854139,3.0,20,3.0,False,False,True,EXCEPTIONAL_SPIKE,1.1549419039273354
MED-0540,2023-03-01,22,WEST,LABORATORY,MECHANICAL COMPONENTS,48.0,15.0,0.3125,3.2,0.7857142857142857,4.266666666666667,LUMPY,14,0.0,4.25,5.75,5.0,1.5,15.0,MEDIAN_RELAXED_LUMPY,True,2023,20.0,1.85,False,2022-08-01,True,6.964520367936925,,4,4.25,True,True,True,EXCEPTIONAL_SPIKE,1.4666666666666666
MED-0546,2025-09-01,21,WEST,LABORATORY,MECHANICAL COMPONENTS,48.0,9.0,0.1875,5.333333333333333,0.5025887573964498,5.230769230769231,LUMPY,44,0.0,5.0,10.5,7.0,5.5,17.5,MEDIAN_STRICT_LUMPY,True,2025,24.0,1.4166666666666667,False,2025-02-01,True,6.964520367936925,,7,4.0,True,True,True,EXCEPTIONAL_SPIKE,1.2
MED-0547,2024-01-01,13,WEST,LABORATORY,SENSORS,48.0,45.0,0.9375,1.0666666666666667,0.4231861237849634,1.0140845070422535,STABLE,24,5.0,2.75,5.0,3.5,2.25,11.0,POISSON_STABLE,True,2024,48.0,1.6666666666666667,False,2023-12-01,True,1.0183968462549278,5.0,22,3.0,False,False,True,EXCEPTIONAL_SPIKE,1.1818181818181819
MED-0547,2024-02-01,15,WEST,LABORATORY,SENSORS,48.0,45.0,0.9375,1.0666666666666667,0.4231861237849634,1.0140845070422535,STABLE,25,13.0,2.75,5.75,4.5,3.0,12.528028475659202,POISSON_STABLE,True,2024,48.0,1.6666666666666667,False,2024-01-01,True,1.0183968462549278,13.0,23,3.0,False,False,True,EXCEPTIONAL_SPIKE,1.1973152862115224
MED-0547,2025-04-01,16,WEST,LABORATORY,SENSORS,48.0,45.0,0.9375,1.0666666666666667,0.4231861237849634,1.0140845070422535,STABLE,39,7.0,3.0,8.25,5.0,5.25,14.430136386273748,POISSON_STABLE,True,2025,80.0,1.0125,False,2025-03-01,True,1.0183968462549278,7.0,37,3.0,False,False,True,EXCEPTIONAL_SPIKE,1.108790628979747
MED-0549,2024-03-01,81,SOUTH,LABORATORY,SENSORS,48.0,8.0,0.16666666666666666,6.0,0.9741956318517888,4.741463414634147,LUMPY,26,0.0,18.25,18.75,18.5,0.5,46.25,MEDIAN_STRICT_LUMPY,True,2024,81.0,1.0617283950617284,False,2023-07-01,True,8.015768725361367,,4,18.0,False,False,True,EXCEPTIONAL_SPIKE,1.7513513513513514
MED-0551,2023-10-01,9,NORTH,LABORATORY,SENSORS,48.0,20.0,0.4166666666666667,2.4,0.0935672514619883,2.2,INTERMITTENT,21,0.0,4.0,5.25,4.5,1.25,8.375,IQR_INTERMITTENT,True,2023,54.0,0.3333333333333333,False,2023-08-01,True,2.0039421813403417,,12,4.0,False,False,True,EXCEPTIONAL_SPIKE,1.0746268656716418
MED-0551,2025-05-01,9,NORTH,LABORATORY,SENSORS,48.0,20.0,0.4166666666666667,2.4,0.0935672514619883,2.2,INTERMITTENT,40,0.0,6.0,6.25,6.0,0.25,6.875,IQR_INTERMITTENT,True,2025,25.0,0.92,False,2025-03-01,True,2.0039421813403417,,18,4.25,False,False,True,EXCEPTIONAL_SPIKE,1.309090909090909
MED-0558,2023-09-01,12,WEST,LABORATORY,MECHANICAL COMPONENTS,48.0,47.0,0.9791666666666666,1.0212765957446808,0.4662773651513238,1.349112426035503,STABLE,20,1.0,1.75,5.0,2.5,3.25,9.55971473206198,POISSON_STABLE,True,2023,47.0,1.0212765957446808,False,2023-08-01,True,1.0183968462549278,1.0,20,1.75,False,False,True,EXCEPTIONAL_SPIKE,1.2552675823844026
MED-0558,2025-05-01,9,WEST,LABORATORY,MECHANICAL COMPONENTS,48.0,47.0,0.9791666666666666,1.0212765957446808,0.4662773651513238,1.349112426035503,STABLE,40,1.0,1.0,4.0,2.5,3.0,8.208796277245892,POISSON_STABLE,True,2025,27.0,1.7407407407407407,False,2025-04-01,True,0.9855453350854139,1.0,39,1.5,False,False,True,EXCEPTIONAL_SPIKE,1.096384865214314
MED-0560,2025-07-01,6,EAST,LABORATORY,MOTORS,18.0,3.0,0.16666666666666666,6.0,0.7777777777777778,6.0,LUMPY,12,0.0,1.25,1.75,1.5,0.5,3.75,MEDIAN_STRICT_LUMPY,True,2025,3.0,2.0,True,2024-11-01,True,7.9500657030223385,,2,1.25,False,False,True,EXCEPTIONAL_SPIKE,1.6
MED-0561,2024-02-01,12,WEST,LABORATORY,POWER COMPONENTS,48.0,45.0,0.9375,1.0666666666666667,0.4727127732777605,1.6323529411764706,STABLE,25,10.0,2.5,5.5,4.5,3.0,11.619164331464798,POISSON_STABLE,True,2024,46.0,2.3043478260869565,True,2024-01-01,True,1.0183968462549278,10.0,24,4.0,False,False,True,EXCEPTIONAL_SPIKE,1.0327765110872815
MED-0561,2024-05-01,24,NORTH,LABORATORY,POWER COMPONENTS,48.0,45.0,0.9375,1.0666666666666667,0.4727127732777605,1.6323529411764706,STABLE,28,8.0,3.25,8.25,5.0,5.0,13.853510679275395,POISSON_STABLE,True,2024,46.0,2.3043478260869565,True,2024-04-01,True,0.9855453350854139,8.0,27,4.0,False,False,True,EXCEPTIONAL_SPIKE,1.7324128558910032
MED-0562,2022-10-01,46,EAST,LABORATORY,USER INTERFACE,48.0,48.0,1.0,1.0,0.9426371791872786,1.719745222929936,ERRATIC,9,4.0,4.0,6.0,5.0,2.0,12.0,IQR_ERRATIC,True,2022,,,True,2022-09-01,True,0.9855453350854139,4.0,9,4.0,False,False,True,EXCEPTIONAL_SPIKE,3.8333333333333335
MED-0562,2024-09-01,13,EAST,LABORATORY,USER INTERFACE,48.0,48.0,1.0,1.0,0.9426371791872786,1.719745222929936,ERRATIC,32,5.0,4.0,5.0,4.5,1.0,8.0,IQR_ERRATIC,True,2024,65.0,1.0,False,2024-08-01,True,1.0183968462549278,5.0,32,4.0,False,False,True,EXCEPTIONAL_SPIKE,1.625
MED-0562,2025-02-01,11,EAST,LABORATORY,USER INTERFACE,48.0,48.0,1.0,1.0,0.9426371791872786,1.719745222929936,ERRATIC,37,5.0,4.75,5.25,5.0,0.5,6.75,IQR_ERRATIC,True,2025,65.0,1.2769230769230768,False,2025-01-01,True,1.0183968462549278,5.0,37,4.0,False,False,True,EXCEPTIONAL_SPIKE,1.6296296296296295
MED-0566,2024-08-01,28,NORTH,LABORATORY,COOLING COMPONENTS,42.0,9.0,0.21428571428571427,4.666666666666667,0.36341993343195256,4.139423076923077,INTERMITTENT,25,0.0,6.5,11.0,9.0,4.5,27.0,MEDIAN_RELAXED_INTERMITTENT,True,2024,13.0,4.6923076923076925,True,2024-01-01,True,6.9973718791064385,,5,5.0,True,True,True,EXCEPTIONAL_SPIKE,1.037037037037037
MED-0569,2024-11-01,13,EAST,LABORATORY,POWER COMPONENTS,24.0,24.0,1.0,1.0,0.3160248447204969,1.2,STABLE,10,6.0,3.0,6.0,4.5,3.0,11.741661937191061,POISSON_STABLE,True,2024,,,True,2024-10-01,True,1.0183968462549278,6.0,10,3.0,False,False,True,EXCEPTIONAL_SPIKE,1.10716865036143
MED-0570,2025-04-01,17,SOUTH,LABORATORY,POWER COMPONENTS,48.0,46.0,0.9583333333333334,1.0434782608695652,0.48577907353417554,1.2857142857142858,STABLE,39,7.0,2.0,5.25,3.0,3.25,10.527720855862981,POISSON_STABLE,True,2025,38.0,1.631578947368421,False,2025-03-01,True,1.0183968462549278,7.0,38,2.0,False,False,True,EXCEPTIONAL_SPIKE,1.6147844564602556
MED-0574,2024-10-01,26,WEST,LABORATORY,MECHANICAL COMPONENTS,48.0,8.0,0.16666666666666666,6.0,0.9472642951657867,4.086021505376344,LUMPY,33,0.0,7.75,9.25,8.5,1.5,21.25,MEDIAN_STRICT_LUMPY,True,2024,82.0,0.524390243902439,False,2024-04-01,True,6.011826544021025,,4,9.25,False,False,True,EXCEPTIONAL_SPIKE,1.223529411764706
MED-0575,2024-06-01,12,EAST,LABORATORY,COOLING COMPONENTS,30.0,9.0,0.3,3.3333333333333335,0.5937499999999999,5.833333333333334,LUMPY,11,0.0,3.0,3.5,3.0,0.5,9.0,MEDIAN_RELAXED_LUMPY,True,2024,10.0,1.5,True,2023-10-01,True,8.015768725361367,,3,3.0,True,True,True,EXCEPTIONAL_SPIKE,1.3333333333333333
MED-0578,2024-10-01,11,SOUTH,EMERGENCY,POWER COMPONENTS,30.0,27.0,0.9,1.1111111111111112,0.3617945669075276,1.4224137931034482,STABLE,15,2.0,1.75,5.0,2.0,3.25,9.394962313684932,POISSON_STABLE,True,2024,21.0,1.9523809523809523,True,2024-09-01,True,0.9855453350854139,2.0,12,2.0,False,False,True,EXCEPTIONAL_SPIKE,1.1708402474352804
MED-0580,2023-06-01,13,WEST,EMERGENCY,POWER COMPONENTS,48.0,46.0,0.9583333333333334,1.0434782608695652,0.5624510280614098,1.1063829787234043,ERRATIC,17,3.0,1.75,4.25,3.0,2.5,11.75,IQR_ERRATIC,True,2023,56.0,1.1607142857142858,False,2023-05-01,True,1.0183968462549278,3.0,15,3.0,False,False,True,EXCEPTIONAL_SPIKE,1.1063829787234043
MED-0580,2023-11-01,12,SOUTH,EMERGENCY,POWER COMPONENTS,48.0,46.0,0.9583333333333334,1.0434782608695652,0.5624510280614098,1.1063829787234043,ERRATIC,22,4.0,2.5,4.25,3.5,1.75,9.5,IQR_ERRATIC,True,2023,56.0,1.1607142857142858,False,2023-10-01,True,1.0183968462549278,4.0,20,3.0,False,False,True,EXCEPTIONAL_SPIKE,1.263157894736842
MED-0580,2025-05-01,18,SOUTH,EMERGENCY,POWER COMPONENTS,48.0,46.0,0.9583333333333334,1.0434782608695652,0.5624510280614098,1.1063829787234043,ERRATIC,40,10.0,3.0,6.5,3.0,3.5,17.0,IQR_ERRATIC,True,2025,72.0,1.2361111111111112,False,2025-04-01,True,0.9855453350854139,10.0,38,3.0,False,False,True,EXCEPTIONAL_SPIKE,1.0588235294117647
MED-0581,2025-08-01,8,NORTH,EMERGENCY,SENSORS,30.0,10.0,0.3333333333333333,3.0,0.4305555555555555,2.0,INTERMITTENT,25,0.0,1.5,3.5,2.0,2.0,6.0,MEDIAN_RELAXED_INTERMITTENT,True,2025,22.0,0.5,False,2025-01-01,True,6.964520367936925,,8,2.0,True,True,True,EXCEPTIONAL_SPIKE,1.3333333333333333
MED-0588,2024-06-01,23,NORTH,EMERGENCY,SENSORS,48.0,14.0,0.2916666666666667,3.4285714285714284,0.7496773275607994,3.1724137931034484,LUMPY,29,0.0,3.0,4.0,3.5,1.0,10.5,MEDIAN_RELAXED_LUMPY,True,2024,32.0,1.09375,False,2024-04-01,True,2.0039421813403417,,10,3.25,False,False,True,EXCEPTIONAL_SPIKE,2.1904761904761907
MED-0591,2024-05-01,29,WEST,EMERGENCY,DISPLAY COMPONENTS,48.0,6.0,0.125,8.0,0.40627366143861543,4.046511627906977,INTERMITTENT,28,0.0,3.75,7.25,5.5,3.5,13.75,MEDIAN_STRICT_INTERMITTENT,True,2024,2.0,36.0,True,2024-02-01,True,2.9566360052562417,,2,3.75,False,False,True,EXCEPTIONAL_SPIKE,2.109090909090909
MED-0593,2024-04-01,22,SOUTH,EMERGENCY,DISPLAY COMPONENTS,48.0,48.0,1.0,1.0,0.3072035808091014,0.8108108108108109,STABLE,27,3.0,5.0,9.0,7.5,4.0,16.811378138741954,POISSON_STABLE,True,2024,96.0,1.0729166666666667,False,2024-03-01,True,1.0183968462549278,3.0,27,5.0,False,False,True,EXCEPTIONAL_SPIKE,1.3086375083849209
MED-0593,2025-02-01,22,SOUTH,EMERGENCY,DISPLAY COMPONENTS,48.0,48.0,1.0,1.0,0.3072035808091014,0.8108108108108109,STABLE,37,8.0,6.5,9.0,8.0,2.5,19.63183243668132,POISSON_STABLE,True,2025,103.0,0.9029126213592233,False,2025-01-01,True,1.0183968462549278,8.0,37,5.0,False,False,True,EXCEPTIONAL_SPIKE,1.1206289617108716
MED-0598,2025-10-01,20,SOUTH,EMERGENCY,CABLES,48.0,10.0,0.20833333333333334,4.8,0.552871712292002,3.4782608695652173,LUMPY,45,6.0,4.5,7.0,6.0,2.5,18.0,MEDIAN_RELAXED_LUMPY,True,2025,8.0,5.125,True,2025-09-01,True,0.9855453350854139,6.0,8,4.5,False,False,True,EXCEPTIONAL_SPIKE,1.1111111111111112
MED-0599,2023-04-01,17,NORTH,EMERGENCY,SENSORS,48.0,45.0,0.9375,1.0666666666666667,0.5215869770368039,1.0196078431372548,ERRATIC,15,5.0,1.0,4.25,2.5,3.25,14.0,IQR_ERRATIC,True,2023,52.0,1.75,False,2023-03-01,True,1.0183968462549278,5.0,13,2.0,False,False,True,EXCEPTIONAL_SPIKE,1.2142857142857142
MED-0602,2023-12-01,37,EAST,EMERGENCY,CONTROL MODULES,48.0,47.0,0.9791666666666666,1.0212765957446808,0.9875037741545896,1.7,ERRATIC,23,4.0,3.0,6.25,4.0,3.25,16.0,IQR_ERRATIC,True,2023,59.0,1.4745762711864407,False,2023-11-01,True,0.9855453350854139,4.0,23,4.0,False,False,True,EXCEPTIONAL_SPIKE,2.3125
MED-0602,2025-09-01,9,NORTH,EMERGENCY,CONTROL MODULES,48.0,47.0,0.9791666666666666,1.0212765957446808,0.9875037741545896,1.7,ERRATIC,44,5.0,3.0,4.25,4.0,1.25,8.0,IQR_ERRATIC,True,2025,44.0,1.1363636363636365,False,2025-08-01,True,1.0183968462549278,5.0,43,3.0,False,False,True,EXCEPTIONAL_SPIKE,1.125
MED-0604,2022-11-01,13,NORTH,EMERGENCY,POWER COMPONENTS,48.0,47.0,0.9791666666666666,1.0212765957446808,0.26549765759842203,1.252173913043478,STABLE,10,6.0,3.25,6.75,6.0,3.5,12.826237921249264,POISSON_STABLE,True,2022,,,True,2022-10-01,True,1.0183968462549278,6.0,10,3.25,False,False,True,EXCEPTIONAL_SPIKE,1.0135473924480118
MED-0605,2024-10-01,16,CENTRAL,EMERGENCY,POWER COMPONENTS,42.0,10.0,0.23809523809523808,4.2,0.2878701134745527,3.1379310344827585,INTERMITTENT,27,7.0,4.0,6.0,5.0,2.0,15.0,MEDIAN_RELAXED_INTERMITTENT,True,2024,14.0,1.8571428571428572,False,2024-09-01,True,0.9855453350854139,7.0,5,7.0,False,False,True,EXCEPTIONAL_SPIKE,1.0666666666666667
MED-0606,2023-08-01,15,SOUTH,EMERGENCY,CABLES,48.0,15.0,0.3125,3.2,0.5282738095238098,2.5,LUMPY,19,0.0,1.75,3.25,2.5,1.5,7.5,MEDIAN_RELAXED_LUMPY,True,2023,17.0,1.0588235294117647,False,2023-01-01,True,6.964520367936925,,5,3.0,True,True,True,EXCEPTIONAL_SPIKE,2.0
MED-0607,2023-03-01,19,EAST,EMERGENCY,CABLES,48.0,48.0,1.0,1.0,0.16514169762913122,0.6015037593984962,STABLE,14,6.0,6.0,8.0,7.0,2.0,17.49358763495254,POISSON_STABLE,True,2023,93.0,1.3225806451612903,False,2023-02-01,True,0.9198423127463863,6.0,14,6.0,False,False,True,EXCEPTIONAL_SPIKE,1.086112259902458
MED-0610,2024-02-01,9,CENTRAL,EMERGENCY,POWER COMPONENTS,36.0,36.0,1.0,1.0,1.0455271616331987,2.2686567164179103,ERRATIC,13,8.0,3.75,5.0,4.5,1.25,8.75,IQR_ERRATIC,True,2024,52.0,1.8653846153846154,False,2024-01-01,True,1.0183968462549278,8.0,13,4.0,False,False,True,EXCEPTIONAL_SPIKE,1.0285714285714285
MED-0610,2024-07-01,37,NORTH,EMERGENCY,POWER COMPONENTS,36.0,36.0,1.0,1.0,1.0455271616331987,2.2686567164179103,ERRATIC,18,3.0,3.0,8.0,5.0,5.0,23.0,IQR_ERRATIC,True,2024,52.0,1.8653846153846154,False,2024-06-01,True,0.9855453350854139,3.0,18,3.25,False,False,True,EXCEPTIONAL_SPIKE,1.608695652173913
MED-0616,2025-04-01,32,EAST,EMERGENCY,POWER COMPONENTS,48.0,43.0,0.8958333333333334,1.1162790697674418,0.970197295708407,1.8666666666666667,ERRATIC,39,3.0,1.0,4.25,2.5,3.25,14.0,IQR_ERRATIC,True,2025,46.0,1.2173913043478262,False,2025-03-01,True,1.0183968462549278,3.0,36,2.75,False,False,True,EXCEPTIONAL_SPIKE,2.2857142857142856
MED-0617,2022-09-01,14,NORTH,EMERGENCY,VALVES,48.0,42.0,0.875,1.1428571428571428,0.44523998052051844,1.2345679012345678,STABLE,8,3.0,0.75,3.25,2.0,2.5,7.5,POISSON_STABLE,True,2022,,,True,2022-08-01,True,1.0183968462549278,3.0,6,1.5,False,False,True,EXCEPTIONAL_SPIKE,1.8666666666666667
MED-0617,2022-11-01,15,NORTH,EMERGENCY,VALVES,48.0,42.0,0.875,1.1428571428571428,0.44523998052051844,1.2345679012345678,STABLE,10,6.0,1.0,5.5,3.0,4.5,10.622756041366273,POISSON_STABLE,True,2022,,,True,2022-10-01,True,1.0183968462549278,6.0,8,2.5,False,False,True,EXCEPTIONAL_SPIKE,1.412062928075183
MED-0617,2022-12-01,13,CENTRAL,EMERGENCY,VALVES,48.0,42.0,0.875,1.1428571428571428,0.44523998052051844,1.2345679012345678,STABLE,11,15.0,1.0,6.0,3.0,5.0,12.50080684304977,POISSON_STABLE,True,2022,,,True,2022-11-01,True,0.9855453350854139,15.0,9,3.0,False,False,True,EXCEPTIONAL_SPIKE,1.0399328749910068
MED-0617,2023-02-01,14,NORTH,EMERGENCY,VALVES,48.0,42.0,0.875,1.1428571428571428,0.44523998052051844,1.2345679012345678,STABLE,13,2.0,1.75,7.75,3.5,6.0,13.853510679275395,POISSON_STABLE,True,2023,66.0,0.8636363636363636,False,2023-01-01,True,1.0183968462549278,2.0,11,2.5,False,False,True,EXCEPTIONAL_SPIKE,1.0105741659364187
MED-0620,2024-02-01,37,SOUTH,EMERGENCY,VALVES,42.0,10.0,0.23809523809523808,4.2,0.41609510745313216,3.837037037037037,INTERMITTENT,19,0.0,11.0,13.0,12.0,2.0,36.0,MEDIAN_RELAXED_INTERMITTENT,True,2024,24.0,2.25,True,2023-08-01,True,6.044678055190539,,3,11.5,True,True,True,EXCEPTIONAL_SPIKE,1.0277777777777777
MED-0621,2023-11-01,12,CENTRAL,EMERGENCY,POWER COMPONENTS,48.0,48.0,1.0,1.0,0.7397890021807038,1.5394736842105263,ERRATIC,22,1.0,4.75,6.0,5.5,1.25,9.75,IQR_ERRATIC,True,2023,50.0,1.48,False,2023-10-01,True,1.0183968462549278,1.0,22,2.25,False,False,True,EXCEPTIONAL_SPIKE,1.2307692307692308
MED-0621,2024-07-01,36,CENTRAL,EMERGENCY,POWER COMPONENTS,48.0,48.0,1.0,1.0,0.7397890021807038,1.5394736842105263,ERRATIC,30,4.0,4.75,6.25,6.0,1.5,10.75,IQR_ERRATIC,True,2024,74.0,1.3783783783783783,False,2024-06-01,True,0.9855453350854139,4.0,30,3.25,False,False,True,EXCEPTIONAL_SPIKE,3.3488372093023258
MED-0621,2024-08-01,17,EAST,EMERGENCY,POWER COMPONENTS,48.0,48.0,1.0,1.0,0.7397890021807038,1.5394736842105263,ERRATIC,31,36.0,4.75,7.25,6.0,2.5,14.75,IQR_ERRATIC,True,2024,74.0,1.3783783783783783,False,2024-07-01,True,1.0183968462549278,36.0,31,3.5,False,False,True,EXCEPTIONAL_SPIKE,1.152542372881356
MED-0627,2023-03-01,14,EAST,EMERGENCY,POWER COMPONENTS,48.0,46.0,0.9583333333333334,1.0434782608695652,0.40242434422328605,1.0952380952380951,STABLE,14,3.0,3.75,8.25,4.5,4.5,13.562473358865216,POISSON_STABLE,True,2023,60.0,1.0,False,2023-02-01,True,0.9198423127463863,3.0,14,3.25,False,False,True,EXCEPTIONAL_SPIKE,1.032260092208682
MED-0627,2024-07-01,17,SOUTH,EMERGENCY,POWER COMPONENTS,48.0,46.0,0.9583333333333334,1.0434782608695652,0.40242434422328605,1.0952380952380951,STABLE,30,7.0,1.75,5.5,3.5,3.75,10.685948405941259,POISSON_STABLE,True,2024,60.0,1.3,False,2024-06-01,True,0.9855453350854139,7.0,29,2.0,False,False,True,EXCEPTIONAL_SPIKE,1.590874235416316
MED-0628,2024-08-01,20,CENTRAL,EMERGENCY,CONTROL MODULES,48.0,44.0,0.9166666666666666,1.0909090909090908,0.2930536905127178,1.0315186246418335,STABLE,31,10.0,6.0,10.0,8.0,4.0,17.764466759411576,POISSON_STABLE,True,2024,89.0,1.0674157303370786,False,2024-07-01,True,1.0183968462549278,10.0,29,5.0,False,False,True,EXCEPTIONAL_SPIKE,1.1258429690496645
MED-0629,2022-11-01,19,WEST,EMERGENCY,POWER COMPONENTS,48.0,45.0,0.9375,1.0666666666666667,0.4359269346356123,1.4181818181818182,STABLE,10,5.0,2.5,5.0,4.0,2.5,11.186959855960804,POISSON_STABLE,True,2022,,,True,2022-10-01,True,1.0183968462549278,5.0,9,4.0,False,False,True,EXCEPTIONAL_SPIKE,1.698406023140964
MED-0635,2025-09-01,11,SOUTH,EMERGENCY,POWER COMPONENTS,48.0,8.0,0.16666666666666666,6.0,0.23214285714285712,4.3125,INTERMITTENT,44,0.0,3.0,5.0,4.0,2.0,10.0,MEDIAN_STRICT_INTERMITTENT,True,2025,14.0,0.9285714285714286,False,2025-03-01,True,6.044678055190539,,7,6.0,True,True,True,EXCEPTIONAL_SPIKE,1.1
MED-0636,2023-06-01,18,NORTH,EMERGENCY,CONTROL MODULES,48.0,7.0,0.14583333333333334,6.857142857142857,0.585034013605442,5.387755102040817,LUMPY,17,0.0,5.0,5.0,5.0,0.0,12.5,MEDIAN_STRICT_LUMPY,True,2023,10.0,2.2,True,2022-11-01,True,6.964520367936925,,2,5.0,False,False,True,EXCEPTIONAL_SPIKE,1.44
MED-0636,2025-02-01,10,NORTH,EMERGENCY,CONTROL MODULES,48.0,7.0,0.14583333333333334,6.857142857142857,0.585034013605442,5.387755102040817,LUMPY,37,0.0,3.25,3.75,3.5,0.5,8.75,MEDIAN_STRICT_LUMPY,True,2025,7.0,1.4285714285714286,False,2024-06-01,True,8.04862023653088,,6,4.0,False,False,True,EXCEPTIONAL_SPIKE,1.1428571428571428
MED-0639,2024-12-01,22,SOUTH,EMERGENCY,DISPLAY COMPONENTS,42.0,41.0,0.9761904761904762,1.024390243902439,0.36603914714033764,1.1527777777777777,STABLE,29,2.0,2.75,8.25,3.5,5.5,12.677411905795875,POISSON_STABLE,True,2024,77.0,1.0129870129870129,False,2024-11-01,True,0.9855453350854139,2.0,28,4.0,False,False,True,EXCEPTIONAL_SPIKE,1.7353699764178216
MED-0640,2023-04-01,53,WEST,EMERGENCY,SENSORS,42.0,14.0,0.3333333333333333,3.0,1.9865997780124351,5.28476821192053,LUMPY,9,0.0,5.5,6.5,6.0,1.0,18.0,MEDIAN_RELAXED_LUMPY,True,2023,5.0,14.6,True,2023-01-01,True,2.9566360052562417,,2,5.5,False,False,True,EXCEPTIONAL_SPIKE,2.9444444444444446
MED-0640,2025-08-01,39,EAST,EMERGENCY,SENSORS,42.0,14.0,0.3333333333333333,3.0,1.9865997780124351,5.28476821192053,LUMPY,37,0.0,4.0,5.0,5.0,1.0,15.0,MEDIAN_RELAXED_LUMPY,True,2025,21.0,2.4761904761904763,True,2025-04-01,True,4.0078843626806835,,13,4.0,False,False,True,EXCEPTIONAL_SPIKE,2.6
MED-0643,2022-08-01,12,NORTH,STERILIZATION,SENSORS,48.0,14.0,0.2916666666666667,3.4285714285714284,0.3162330729898298,3.891891891891892,INTERMITTENT,7,0.0,1.5,4.0,2.0,2.5,6.0,MEDIAN_RELAXED_INTERMITTENT,True,2022,,,True,2022-06-01,True,2.0039421813403417,,3,1.5,False,False,True,EXCEPTIONAL_SPIKE,2.0
MED-0647,2023-07-01,17,NORTH,STERILIZATION,MOTORS,48.0,43.0,0.8958333333333334,1.1162790697674418,0.49165740815206,1.2602739726027397,ERRATIC,18,2.0,1.75,5.0,3.5,3.25,14.75,IQR_ERRATIC,True,2023,45.0,1.4,False,2023-06-01,True,0.9855453350854139,2.0,15,2.0,False,False,True,EXCEPTIONAL_SPIKE,1.152542372881356
MED-0647,2025-05-01,15,NORTH,STERILIZATION,MOTORS,48.0,43.0,0.8958333333333334,1.1162790697674418,0.49165740815206,1.2602739726027397,ERRATIC,40,0.0,1.75,4.0,3.0,2.25,10.75,IQR_ERRATIC,True,2025,54.0,1.0555555555555556,False,2025-03-01,True,2.0039421813403417,,35,3.0,False,False,True,EXCEPTIONAL_SPIKE,1.3953488372093024
MED-0647,2025-08-01,10,NORTH,STERILIZATION,MOTORS,48.0,43.0,0.8958333333333334,1.1162790697674418,0.49165740815206,1.2602739726027397,ERRATIC,43,2.0,2.75,4.5,3.0,1.75,9.75,IQR_ERRATIC,True,2025,54.0,1.0555555555555556,False,2025-07-01,True,1.0183968462549278,2.0,38,3.0,False,False,True,EXCEPTIONAL_SPIKE,1.0256410256410255
MED-0648,2025-06-01,23,SOUTH,STERILIZATION,CONTROL MODULES,24.0,22.0,0.9166666666666666,1.0909090909090908,1.36719723183391,3.1058823529411765,ERRATIC,17,3.0,2.75,4.0,3.0,1.25,7.75,IQR_ERRATIC,True,2025,28.0,2.0357142857142856,True,2025-05-01,True,1.0183968462549278,3.0,15,2.5,False,False,True,EXCEPTIONAL_SPIKE,2.967741935483871
MED-0650,2022-07-01,5,CENTRAL,STERILIZATION,MOTORS,48.0,12.0,0.25,4.0,0.3838383838383838,2.3333333333333335,INTERMITTENT,6,1.0,1.0,3.5,1.0,2.5,3.5,MEDIAN_RELAXED_INTERMITTENT,True,2022,,,True,2022-06-01,True,0.9855453350854139,1.0,3,1.0,False,False,True,EXCEPTIONAL_SPIKE,1.4285714285714286
MED-0653,2023-12-01,8,WEST,STERILIZATION,SENSORS,42.0,35.0,0.8333333333333334,1.2,0.30761718750000006,1.4218750000000002,STABLE,17,2.0,1.0,3.0,2.0,2.0,7.5,POISSON_STABLE,True,2023,18.0,1.8333333333333333,True,2023-11-01,True,0.9855453350854139,2.0,15,2.0,False,False,True,EXCEPTIONAL_SPIKE,1.0666666666666667
MED-0653,2025-10-01,9,WEST,STERILIZATION,SENSORS,42.0,35.0,0.8333333333333334,1.2,0.30761718750000006,1.4218750000000002,STABLE,39,3.0,0.0,3.25,3.0,3.25,8.382142733160748,POISSON_STABLE,True,2025,35.0,1.2,False,2025-09-01,True,0.9855453350854139,3.0,32,2.0,False,False,True,EXCEPTIONAL_SPIKE,1.0737111364609595
MED-0657,2022-11-01,14,CENTRAL,STERILIZATION,POWER COMPONENTS,48.0,43.0,0.8958333333333334,1.1162790697674418,0.2921472528907235,1.1645569620253164,STABLE,10,7.0,3.5,7.0,6.5,3.5,13.882511696339462,POISSON_STABLE,True,2022,,,True,2022-10-01,True,1.0183968462549278,7.0,10,3.5,False,False,True,EXCEPTIONAL_SPIKE,1.00846304373664
MED-0657,2024-08-01,12,CENTRAL,STERILIZATION,POWER COMPONENTS,48.0,43.0,0.8958333333333334,1.1162790697674418,0.2921472528907235,1.1645569620253164,STABLE,31,4.0,1.5,6.0,3.0,4.5,9.886146295405492,POISSON_STABLE,True,2024,49.0,1.163265306122449,False,2024-07-01,True,1.0183968462549278,4.0,28,2.75,False,False,True,EXCEPTIONAL_SPIKE,1.2138197879569013
MED-0659,2025-01-01,53,CENTRAL,STERILIZATION,SENSORS,48.0,48.0,1.0,1.0,1.3391878352095246,2.25,ERRATIC,36,5.0,3.0,5.5,5.0,2.5,13.0,IQR_ERRATIC,True,2025,64.0,1.765625,False,2024-12-01,True,1.0183968462549278,5.0,36,3.0,False,False,True,EXCEPTIONAL_SPIKE,4.076923076923077
MED-0674,2023-09-01,7,WEST,STERILIZATION,PUMPS,48.0,40.0,0.8333333333333334,1.2,0.3439329333434193,1.20863309352518,STABLE,20,1.0,1.0,3.0,1.0,2.0,6.185147237241987,POISSON_STABLE,True,2023,38.0,0.7894736842105263,False,2023-08-01,True,1.0183968462549278,1.0,19,1.0,False,False,True,EXCEPTIONAL_SPIKE,1.1317434705275284
MED-0683,2024-01-01,9,WEST,STERILIZATION,PUMPS,42.0,38.0,0.9047619047619048,1.105263157894737,0.5055028131951208,1.1748251748251748,ERRATIC,18,7.0,1.75,3.25,3.0,1.5,7.75,IQR_ERRATIC,True,2024,35.0,1.3142857142857143,False,2023-12-01,True,1.0183968462549278,7.0,15,1.5,False,False,True,EXCEPTIONAL_SPIKE,1.1612903225806452
MED-0683,2024-08-01,11,WEST,STERILIZATION,PUMPS,42.0,38.0,0.9047619047619048,1.105263157894737,0.5055028131951208,1.1748251748251748,ERRATIC,25,1.0,1.75,3.0,2.5,1.25,6.75,IQR_ERRATIC,True,2024,35.0,1.3142857142857143,False,2024-07-01,True,1.0183968462549278,1.0,22,1.25,False,False,True,EXCEPTIONAL_SPIKE,1.6296296296296295
MED-0684,2025-10-01,87,SOUTH,STERILIZATION,VALVES,48.0,11.0,0.22916666666666666,4.363636363636363,0.820704466281262,4.325088339222615,LUMPY,45,0.0,17.75,23.25,20.5,5.5,61.5,MEDIAN_RELAXED_LUMPY,True,2025,31.0,3.6451612903225805,True,2025-01-01,True,8.968462549277266,,10,13.25,True,True,True,EXCEPTIONAL_SPIKE,1.4146341463414633
MED-0688,2023-09-01,9,WEST,STERILIZATION,SENSORS,48.0,13.0,0.2708333333333333,3.6923076923076925,0.3866955110870741,3.069767441860465,INTERMITTENT,20,0.0,1.5,3.0,2.0,1.5,6.0,MEDIAN_RELAXED_INTERMITTENT,True,2023,12.0,1.0833333333333333,False,2023-02-01,True,6.964520367936925,,5,2.0,True,True,True,EXCEPTIONAL_SPIKE,1.5
MED-0689,2024-12-01,20,WEST,STERILIZATION,SENSORS,42.0,10.0,0.23809523809523808,4.2,0.5072192846587975,3.8987341772151898,LUMPY,29,0.0,4.0,6.0,5.0,2.0,15.0,MEDIAN_RELAXED_LUMPY,True,2024,24.0,1.25,False,2024-05-01,True,7.030223390275952,,6,4.75,True,True,True,EXCEPTIONAL_SPIKE,1.3333333333333333
MED-0697,2025-03-01,11,CENTRAL,STERILIZATION,SENSORS,48.0,12.0,0.25,4.0,0.40753003500141893,3.290322580645161,INTERMITTENT,38,0.0,1.25,1.75,1.5,0.5,4.5,MEDIAN_RELAXED_INTERMITTENT,True,2025,3.0,5.0,True,2024-06-01,True,8.968462549277266,,10,2.25,True,True,True,EXCEPTIONAL_SPIKE,2.4444444444444446
MED-0699,2025-09-01,12,EAST,STERILIZATION,HEATING COMPONENTS,24.0,23.0,0.9583333333333334,1.0434782608695652,0.28074299869171654,1.2307692307692308,STABLE,20,4.0,2.0,5.25,4.5,3.25,10.843366217438785,POISSON_STABLE,True,2025,63.0,0.8571428571428571,False,2025-08-01,True,1.0183968462549278,4.0,19,4.0,False,False,True,EXCEPTIONAL_SPIKE,1.1066674093051534
MED-0700,2025-11-01,10,SOUTH,STERILIZATION,POWER COMPONENTS,30.0,29.0,0.9666666666666667,1.0344827586206897,0.2943675679722495,1.1214953271028036,STABLE,28,2.0,2.75,3.5,3.0,0.75,9.886146295405492,POISSON_STABLE,True,2025,40.0,1.15,False,2025-10-01,True,1.0183968462549278,2.0,27,2.0,False,False,True,EXCEPTIONAL_SPIKE,1.0115164899640845
