PART_ID,DATE,EVENT_TYPE
MED-0001,2023-07-01,NEW_PRODUCT
MED-0001,2024-04-01,REACTIVATION
MED-0002,2022-01-01,NEW_PRODUCT
MED-0004,2024-07-01,REACTIVATION
MED-0004,2025-04-01,REACTIVATION
MED-0006,2024-02-01,REACTIVATION
MED-0008,2022-01-01,NEW_PRODUCT
MED-0008,2022-02-01,LARGE_ORDER
MED-0008,2024-05-01,MAINTENANCE_EVENT
MED-0009,2023-01-01,NEW_PRODUCT
MED-0010,2023-11-01,REACTIVATION
MED-0010,2025-02-01,REACTIVATION
MED-0011,2022-10-01,LARGE_ORDER
MED-0012,2025-08-01,REACTIVATION
MED-0013,2024-08-01,LARGE_ORDER
MED-0013,2025-09-01,REACTIVATION
MED-0014,2022-01-01,NEW_PRODUCT
MED-0015,2025-08-01,REACTIVATION
MED-0016,2024-12-01,EMERGENCY_REPLACEMENT
MED-0016,2025-05-01,REACTIVATION
MED-0017,2024-01-01,NEW_PRODUCT
MED-0017,2024-06-01,LARGE_ORDER
MED-0018,2022-01-01,NEW_PRODUCT
MED-0018,2023-02-01,LARGE_ORDER
MED-0019,2022-03-01,EMERGENCY_REPLACEMENT
MED-0019,2025-02-01,REACTIVATION
MED-0020,2023-07-01,NEW_PRODUCT
MED-0020,2024-04-01,LARGE_ORDER
MED-0020,2025-05-01,LARGE_ORDER
MED-0021,2024-05-01,REACTIVATION
MED-0021,2025-05-01,REACTIVATION
MED-0022,2022-01-01,NEW_PRODUCT
MED-0023,2022-01-01,NEW_PRODUCT
MED-0025,2022-01-01,NEW_PRODUCT
MED-0026,2022-09-01,REACTIVATION
MED-0026,2025-03-01,MAINTENANCE_EVENT
MED-0027,2023-07-01,NEW_PRODUCT
MED-0028,2022-01-01,NEW_PRODUCT
MED-0029,2023-07-01,NEW_PRODUCT
MED-0029,2025-04-01,MAINTENANCE_EVENT
MED-0030,2023-07-01,NEW_PRODUCT
MED-0031,2024-10-01,REACTIVATION
MED-0032,2024-07-01,NEW_PRODUCT
MED-0032,2025-04-01,MAINTENANCE_EVENT
MED-0034,2024-01-01,NEW_PRODUCT
MED-0034,2024-08-01,LARGE_ORDER
MED-0035,2022-01-01,NEW_PRODUCT
MED-0037,2025-10-01,LARGE_ORDER
MED-0039,2023-01-01,NEW_PRODUCT
MED-0040,2024-04-01,REACTIVATION
MED-0041,2024-01-01,REACTIVATION
MED-0042,2025-01-01,REACTIVATION
MED-0044,2023-01-01,NEW_PRODUCT
MED-0044,2024-07-01,LARGE_ORDER
MED-0045,2024-09-01,REACTIVATION
MED-0047,2022-01-01,NEW_PRODUCT
MED-0047,2023-04-01,LARGE_ORDER
MED-0048,2022-12-01,REACTIVATION
MED-0048,2023-12-01,REACTIVATION
MED-0051,2022-01-01,NEW_PRODUCT
MED-0052,2022-01-01,NEW_PRODUCT
MED-0052,2023-02-01,REACTIVATION
MED-0053,2023-01-01,NEW_PRODUCT
MED-0053,2025-09-01,LARGE_ORDER
MED-0054,2025-04-01,REACTIVATION
MED-0055,2022-05-01,MAINTENANCE_EVENT
MED-0055,2024-10-01,REACTIVATION
MED-0057,2023-05-01,EMERGENCY_REPLACEMENT
MED-0058,2025-10-01,EMERGENCY_REPLACEMENT
MED-0059,2022-07-01,NEW_PRODUCT
MED-0059,2023-01-01,LARGE_ORDER
MED-0060,2024-07-01,NEW_PRODUCT
MED-0061,2022-01-01,NEW_PRODUCT
MED-0061,2023-06-01,LARGE_ORDER
MED-0061,2025-07-01,LARGE_ORDER
MED-0062,2022-07-01,NEW_PRODUCT
MED-0063,2022-01-01,NEW_PRODUCT
MED-0063,2023-07-01,LARGE_ORDER
MED-0063,2025-04-01,MAINTENANCE_EVENT
MED-0065,2022-07-01,REACTIVATION
MED-0067,2024-07-01,NEW_PRODUCT
MED-0068,2022-07-01,NEW_PRODUCT
MED-0068,2025-04-01,MAINTENANCE_EVENT
MED-0069,2022-01-01,NEW_PRODUCT
MED-0070,2022-01-01,NEW_PRODUCT
MED-0073,2022-03-01,EMERGENCY_REPLACEMENT
MED-0073,2023-01-01,REACTIVATION
MED-0073,2023-09-01,EMERGENCY_REPLACEMENT
MED-0074,2022-01-01,NEW_PRODUCT
MED-0074,2025-07-01,REACTIVATION
MED-0076,2024-01-01,NEW_PRODUCT
MED-0077,2022-01-01,NEW_PRODUCT
MED-0078,2025-05-01,LARGE_ORDER
MED-0080,2023-06-01,REACTIVATION
MED-0080,2023-07-01,LARGE_ORDER
MED-0081,2023-01-01,NEW_PRODUCT
MED-0081,2023-05-01,LARGE_ORDER
MED-0082,2023-01-01,NEW_PRODUCT
MED-0082,2025-09-01,REACTIVATION
MED-0083,2022-01-01,NEW_PRODUCT
MED-0083,2023-09-01,REACTIVATION
MED-0084,2025-05-01,REACTIVATION
MED-0085,2024-07-01,EMERGENCY_REPLACEMENT
MED-0085,2025-03-01,REACTIVATION
MED-0086,2023-07-01,NEW_PRODUCT
MED-0087,2025-12-01,REACTIVATION
MED-0088,2022-01-01,NEW_PRODUCT
MED-0089,2023-01-01,NEW_PRODUCT
MED-0089,2023-04-01,LARGE_ORDER
MED-0089,2024-02-01,LARGE_ORDER
MED-0089,2025-09-01,MAINTENANCE_EVENT
MED-0089,2025-11-01,LARGE_ORDER
MED-0090,2023-01-01,NEW_PRODUCT
MED-0091,2023-01-01,EMERGENCY_REPLACEMENT
MED-0091,2023-03-01,REACTIVATION
MED-0091,2024-03-01,REACTIVATION
MED-0092,2022-01-01,NEW_PRODUCT
MED-0092,2024-01-01,LARGE_ORDER
MED-0093,2024-12-01,REACTIVATION
MED-0094,2023-07-01,REACTIVATION
MED-0094,2025-06-01,REACTIVATION
MED-0096,2022-01-01,NEW_PRODUCT
MED-0096,2022-09-01,MAINTENANCE_EVENT
MED-0097,2024-04-01,REACTIVATION
MED-0099,2022-07-01,NEW_PRODUCT
MED-0101,2024-01-01,NEW_PRODUCT
MED-0101,2025-06-01,REACTIVATION
MED-0104,2023-01-01,NEW_PRODUCT
MED-0105,2022-01-01,NEW_PRODUCT
MED-0105,2025-05-01,LARGE_ORDER
MED-0106,2023-07-01,NEW_PRODUCT
MED-0108,2023-01-01,NEW_PRODUCT
MED-0109,2022-01-01,NEW_PRODUCT
MED-0110,2025-03-01,REACTIVATION
MED-0110,2025-10-01,LARGE_ORDER
MED-0110,2025-12-01,LARGE_ORDER
MED-0111,2022-01-01,NEW_PRODUCT
MED-0112,2022-07-01,NEW_PRODUCT
MED-0113,2022-01-01,NEW_PRODUCT
MED-0114,2023-01-01,NEW_PRODUCT
MED-0114,2024-01-01,REACTIVATION
MED-0115,2022-07-01,NEW_PRODUCT
MED-0116,2024-07-01,NEW_PRODUCT
MED-0116,2025-04-01,REACTIVATION
MED-0117,2022-01-01,NEW_PRODUCT
MED-0118,2022-01-01,NEW_PRODUCT
MED-0118,2024-08-01,REACTIVATION
MED-0120,2022-01-01,NEW_PRODUCT
MED-0121,2024-07-01,NEW_PRODUCT
MED-0123,2022-01-01,NEW_PRODUCT
MED-0123,2025-10-01,LARGE_ORDER
MED-0124,2022-01-01,NEW_PRODUCT
MED-0125,2022-01-01,NEW_PRODUCT
MED-0126,2023-07-01,NEW_PRODUCT
MED-0127,2022-01-01,NEW_PRODUCT
MED-0129,2022-01-01,NEW_PRODUCT
MED-0129,2024-10-01,LARGE_ORDER
MED-0130,2024-07-01,NEW_PRODUCT
MED-0131,2022-01-01,NEW_PRODUCT
MED-0131,2023-06-01,LARGE_ORDER
MED-0132,2024-10-01,REACTIVATION
MED-0133,2022-01-01,NEW_PRODUCT
MED-0134,2024-07-01,NEW_PRODUCT
MED-0135,2024-07-01,NEW_PRODUCT
MED-0136,2022-01-01,NEW_PRODUCT
MED-0136,2024-08-01,LARGE_ORDER
MED-0137,2022-10-01,REACTIVATION
MED-0137,2025-01-01,REACTIVATION
MED-0138,2023-03-01,REACTIVATION
MED-0139,2023-07-01,NEW_PRODUCT
MED-0139,2025-10-01,MAINTENANCE_EVENT
MED-0140,2024-02-01,EMERGENCY_REPLACEMENT
MED-0140,2025-11-01,LARGE_ORDER
MED-0141,2025-06-01,REACTIVATION
MED-0142,2022-01-01,NEW_PRODUCT
MED-0143,2024-12-01,REACTIVATION
MED-0143,2025-08-01,REACTIVATION
MED-0144,2022-01-01,NEW_PRODUCT
MED-0145,2022-01-01,NEW_PRODUCT
MED-0145,2024-10-01,LARGE_ORDER
MED-0148,2022-01-01,NEW_PRODUCT
MED-0149,2025-05-01,REACTIVATION
MED-0150,2023-12-01,REACTIVATION
MED-0151,2025-12-01,REACTIVATION
MED-0152,2023-01-01,NEW_PRODUCT
MED-0152,2023-05-01,LARGE_ORDER
MED-0153,2024-05-01,LARGE_ORDER
MED-0155,2022-01-01,NEW_PRODUCT
MED-0156,2022-01-01,NEW_PRODUCT
MED-0156,2024-07-01,REACTIVATION
MED-0157,2025-12-01,REACTIVATION
MED-0158,2022-07-01,EMERGENCY_REPLACEMENT
MED-0160,2023-01-01,NEW_PRODUCT
MED-0161,2024-01-01,NEW_PRODUCT
MED-0161,2024-09-01,MAINTENANCE_EVENT
MED-0162,2022-07-01,NEW_PRODUCT
MED-0163,2022-07-01,NEW_PRODUCT
MED-0165,2023-01-01,NEW_PRODUCT
MED-0165,2024-03-01,LARGE_ORDER
MED-0165,2025-06-01,LARGE_ORDER
MED-0166,2024-06-01,LARGE_ORDER
MED-0167,2022-01-01,NEW_PRODUCT
MED-0170,2022-01-01,NEW_PRODUCT
MED-0170,2022-04-01,MAINTENANCE_EVENT
MED-0170,2023-09-01,LARGE_ORDER
MED-0170,2024-08-01,LARGE_ORDER
MED-0170,2024-10-01,LARGE_ORDER
MED-0171,2023-07-01,NEW_PRODUCT
MED-0171,2023-11-01,LARGE_ORDER
MED-0172,2025-02-01,REACTIVATION
MED-0173,2022-01-01,NEW_PRODUCT
MED-0173,2023-08-01,EMERGENCY_REPLACEMENT
MED-0174,2024-05-01,EMERGENCY_REPLACEMENT
MED-0175,2024-11-01,REACTIVATION
MED-0176,2024-07-01,NEW_PRODUCT
MED-0176,2025-07-01,LARGE_ORDER
MED-0177,2024-07-01,NEW_PRODUCT
MED-0178,2022-10-01,REACTIVATION
MED-0178,2023-05-01,REACTIVATION
MED-0179,2022-01-01,NEW_PRODUCT
MED-0180,2025-07-01,REACTIVATION
MED-0181,2022-01-01,NEW_PRODUCT
MED-0182,2025-03-01,REACTIVATION
MED-0182,2025-12-01,REACTIVATION
MED-0183,2023-07-01,REACTIVATION
MED-0183,2025-09-01,REACTIVATION
MED-0184,2024-01-01,NEW_PRODUCT
MED-0184,2025-01-01,REACTIVATION
MED-0184,2025-08-01,REACTIVATION
MED-0185,2022-01-01,NEW_PRODUCT
MED-0185,2024-07-01,REACTIVATION
MED-0186,2023-07-01,NEW_PRODUCT
MED-0188,2022-07-01,NEW_PRODUCT
MED-0189,2022-01-01,NEW_PRODUCT
MED-0191,2024-02-01,REACTIVATION
MED-0192,2023-07-01,EMERGENCY_REPLACEMENT
MED-0193,2025-02-01,REACTIVATION
MED-0194,2025-04-01,REACTIVATION
MED-0195,2022-10-01,REACTIVATION
MED-0195,2023-08-01,REACTIVATION
MED-0198,2024-12-01,REACTIVATION
MED-0199,2024-11-01,REACTIVATION
MED-0200,2023-01-01,NEW_PRODUCT
MED-0200,2023-05-01,LARGE_ORDER
MED-0200,2025-07-01,LARGE_ORDER
MED-0201,2025-03-01,REACTIVATION
MED-0203,2023-04-01,REACTIVATION
MED-0203,2023-11-01,REACTIVATION
MED-0204,2024-01-01,NEW_PRODUCT
MED-0205,2022-01-01,NEW_PRODUCT
MED-0205,2025-09-01,LARGE_ORDER
MED-0205,2025-10-01,LARGE_ORDER
MED-0206,2022-01-01,NEW_PRODUCT
MED-0206,2025-04-01,MAINTENANCE_EVENT
MED-0208,2025-07-01,REACTIVATION
MED-0210,2022-07-01,NEW_PRODUCT
MED-0210,2023-05-01,REACTIVATION
MED-0211,2022-01-01,NEW_PRODUCT
MED-0212,2023-04-01,REACTIVATION
MED-0213,2023-11-01,LARGE_ORDER
MED-0213,2024-10-01,LARGE_ORDER
MED-0214,2023-07-01,NEW_PRODUCT
MED-0214,2024-10-01,MAINTENANCE_EVENT
MED-0214,2025-03-01,LARGE_ORDER
MED-0214,2025-04-01,MAINTENANCE_EVENT
MED-0215,2022-07-01,NEW_PRODUCT
MED-0215,2022-10-01,LARGE_ORDER
MED-0218,2023-10-01,REACTIVATION
MED-0219,2022-07-01,NEW_PRODUCT
MED-0220,2022-12-01,REACTIVATION
MED-0220,2023-06-01,LARGE_ORDER
MED-0220,2025-06-01,REACTIVATION
MED-0222,2023-01-01,NEW_PRODUCT
MED-0224,2025-08-01,REACTIVATION
MED-0226,2025-07-01,REACTIVATION
MED-0228,2025-03-01,MAINTENANCE_EVENT
MED-0229,2024-12-01,REACTIVATION
MED-0230,2023-06-01,REACTIVATION
MED-0231,2024-01-01,NEW_PRODUCT
MED-0231,2024-03-01,MAINTENANCE_EVENT
MED-0231,2025-06-01,EMERGENCY_REPLACEMENT
MED-0232,2022-01-01,NEW_PRODUCT
MED-0232,2022-09-01,REACTIVATION
MED-0232,2025-03-01,LARGE_ORDER
MED-0234,2025-06-01,REACTIVATION
MED-0234,2025-11-01,EMERGENCY_REPLACEMENT
MED-0235,2022-01-01,NEW_PRODUCT
MED-0236,2024-01-01,REACTIVATION
MED-0237,2022-07-01,NEW_PRODUCT
MED-0237,2023-05-01,LARGE_ORDER
MED-0237,2025-03-01,LARGE_ORDER
MED-0238,2023-07-01,NEW_PRODUCT
MED-0239,2024-01-01,NEW_PRODUCT
MED-0239,2025-06-01,EMERGENCY_REPLACEMENT
MED-0240,2022-01-01,NEW_PRODUCT
MED-0242,2025-10-01,REACTIVATION
MED-0243,2024-11-01,REACTIVATION
MED-0243,2025-08-01,LARGE_ORDER
MED-0244,2023-07-01,NEW_PRODUCT
MED-0244,2023-09-01,MAINTENANCE_EVENT
MED-0244,2024-10-01,MAINTENANCE_EVENT
MED-0246,2023-07-01,NEW_PRODUCT
MED-0248,2023-09-01,EMERGENCY_REPLACEMENT
MED-0250,2024-09-01,REACTIVATION
MED-0251,2022-01-01,NEW_PRODUCT
MED-0251,2022-06-01,LARGE_ORDER
MED-0251,2024-06-01,LARGE_ORDER
MED-0252,2022-07-01,NEW_PRODUCT
MED-0252,2025-01-01,LARGE_ORDER
MED-0253,2023-07-01,REACTIVATION
MED-0255,2024-07-01,NEW_PRODUCT
MED-0255,2024-10-01,LARGE_ORDER
MED-0256,2024-03-01,LARGE_ORDER
MED-0257,2022-01-01,NEW_PRODUCT
MED-0257,2024-10-01,MAINTENANCE_EVENT
MED-0258,2022-01-01,NEW_PRODUCT
MED-0258,2022-05-01,MAINTENANCE_EVENT
MED-0259,2024-07-01,NEW_PRODUCT
MED-0259,2025-01-01,LARGE_ORDER
MED-0260,2022-01-01,NEW_PRODUCT
MED-0261,2023-01-01,NEW_PRODUCT
MED-0262,2022-07-01,NEW_PRODUCT
MED-0264,2024-07-01,EMERGENCY_REPLACEMENT
MED-0265,2025-06-01,REACTIVATION
MED-0267,2022-01-01,NEW_PRODUCT
MED-0268,2022-07-01,NEW_PRODUCT
MED-0270,2022-01-01,NEW_PRODUCT
MED-0270,2025-06-01,LARGE_ORDER
MED-0270,2025-10-01,MAINTENANCE_EVENT
MED-0272,2024-01-01,NEW_PRODUCT
MED-0273,2022-01-01,NEW_PRODUCT
MED-0273,2024-05-01,REACTIVATION
MED-0274,2023-12-01,REACTIVATION
MED-0275,2023-01-01,NEW_PRODUCT
MED-0275,2024-10-01,MAINTENANCE_EVENT
MED-0276,2024-05-01,REACTIVATION
MED-0277,2024-03-01,REACTIVATION
MED-0279,2023-07-01,NEW_PRODUCT
MED-0279,2024-05-01,MAINTENANCE_EVENT
MED-0281,2023-01-01,NEW_PRODUCT
MED-0281,2024-03-01,MAINTENANCE_EVENT
MED-0281,2025-10-01,MAINTENANCE_EVENT
MED-0283,2025-06-01,REACTIVATION
MED-0284,2025-01-01,REACTIVATION
MED-0285,2022-01-01,NEW_PRODUCT
MED-0286,2022-01-01,NEW_PRODUCT
MED-0286,2022-04-01,LARGE_ORDER
MED-0286,2024-03-01,MAINTENANCE_EVENT
MED-0287,2024-01-01,NEW_PRODUCT
MED-0288,2022-07-01,EMERGENCY_REPLACEMENT
MED-0288,2022-08-01,REACTIVATION
MED-0288,2023-04-01,REACTIVATION
MED-0289,2023-07-01,NEW_PRODUCT
MED-0289,2024-09-01,MAINTENANCE_EVENT
MED-0290,2022-07-01,NEW_PRODUCT
MED-0290,2023-09-01,LARGE_ORDER
MED-0291,2022-01-01,NEW_PRODUCT
MED-0291,2024-05-01,MAINTENANCE_EVENT
MED-0292,2024-07-01,REACTIVATION
MED-0294,2022-01-01,NEW_PRODUCT
MED-0295,2023-04-01,REACTIVATION
MED-0295,2025-03-01,REACTIVATION
MED-0296,2022-02-01,EMERGENCY_REPLACEMENT
MED-0296,2022-07-01,LARGE_ORDER
MED-0296,2023-07-01,REACTIVATION
MED-0296,2025-11-01,REACTIVATION
MED-0297,2025-11-01,LARGE_ORDER
MED-0298,2024-07-01,EMERGENCY_REPLACEMENT
MED-0298,2024-10-01,REACTIVATION
MED-0298,2025-11-01,REACTIVATION
MED-0299,2025-02-01,REACTIVATION
MED-0300,2023-04-01,REACTIVATION
MED-0300,2024-02-01,REACTIVATION
MED-0301,2022-01-01,NEW_PRODUCT
MED-0301,2022-05-01,EMERGENCY_REPLACEMENT
MED-0302,2022-07-01,NEW_PRODUCT
MED-0302,2023-04-01,LARGE_ORDER
MED-0303,2022-01-01,NEW_PRODUCT
MED-0304,2025-01-01,LARGE_ORDER
MED-0305,2024-07-01,NEW_PRODUCT
MED-0306,2022-07-01,NEW_PRODUCT
MED-0307,2023-01-01,NEW_PRODUCT
MED-0308,2022-07-01,NEW_PRODUCT
MED-0308,2025-09-01,LARGE_ORDER
MED-0310,2022-09-01,LARGE_ORDER
MED-0312,2022-01-01,NEW_PRODUCT
MED-0312,2023-06-01,LARGE_ORDER
MED-0313,2022-01-01,NEW_PRODUCT
MED-0313,2024-08-01,LARGE_ORDER
MED-0314,2023-07-01,NEW_PRODUCT
MED-0317,2022-01-01,NEW_PRODUCT
MED-0317,2022-04-01,MAINTENANCE_EVENT
MED-0318,2023-09-01,REACTIVATION
MED-0318,2025-04-01,REACTIVATION
MED-0320,2024-07-01,NEW_PRODUCT
MED-0321,2025-03-01,REACTIVATION
MED-0322,2024-07-01,NEW_PRODUCT
MED-0323,2024-09-01,EMERGENCY_REPLACEMENT
MED-0323,2025-02-01,REACTIVATION
MED-0324,2022-01-01,NEW_PRODUCT
MED-0324,2022-07-01,LARGE_ORDER
MED-0325,2025-10-01,REACTIVATION
MED-0326,2023-05-01,REACTIVATION
MED-0326,2024-05-01,REACTIVATION
MED-0327,2023-01-01,NEW_PRODUCT
MED-0328,2025-09-01,LARGE_ORDER
MED-0330,2022-01-01,NEW_PRODUCT
MED-0331,2022-07-01,NEW_PRODUCT
MED-0332,2022-07-01,NEW_PRODUCT
MED-0332,2025-10-01,REACTIVATION
MED-0333,2022-01-01,NEW_PRODUCT
MED-0335,2024-01-01,NEW_PRODUCT
MED-0335,2025-10-01,MAINTENANCE_EVENT
MED-0336,2024-01-01,NEW_PRODUCT
MED-0337,2022-07-01,NEW_PRODUCT
MED-0338,2022-01-01,NEW_PRODUCT
MED-0338,2023-02-01,REACTIVATION
MED-0340,2022-01-01,NEW_PRODUCT
MED-0340,2022-05-01,LARGE_ORDER
MED-0341,2023-06-01,REACTIVATION
MED-0343,2022-01-01,NEW_PRODUCT
MED-0343,2022-04-01,MAINTENANCE_EVENT
MED-0343,2023-05-01,LARGE_ORDER
MED-0343,2024-07-01,LARGE_ORDER
MED-0344,2022-07-01,NEW_PRODUCT
MED-0344,2023-10-01,MAINTENANCE_EVENT
MED-0345,2022-01-01,NEW_PRODUCT
MED-0345,2024-11-01,REACTIVATION
MED-0346,2024-07-01,NEW_PRODUCT
MED-0347,2025-03-01,REACTIVATION
MED-0347,2025-12-01,REACTIVATION
MED-0348,2022-11-01,REACTIVATION
MED-0348,2024-03-01,REACTIVATION
MED-0351,2022-01-01,NEW_PRODUCT
MED-0352,2022-01-01,NEW_PRODUCT
MED-0352,2023-05-01,MAINTENANCE_EVENT
MED-0352,2023-09-01,MAINTENANCE_EVENT
MED-0353,2024-07-01,REACTIVATION
MED-0353,2025-09-01,REACTIVATION
MED-0354,2023-07-01,NEW_PRODUCT
MED-0354,2025-02-01,LARGE_ORDER
MED-0355,2023-07-01,NEW_PRODUCT
MED-0355,2025-04-01,LARGE_ORDER
MED-0355,2025-05-01,LARGE_ORDER
MED-0356,2024-07-01,NEW_PRODUCT
MED-0360,2022-11-01,REACTIVATION
MED-0360,2023-11-01,REACTIVATION
MED-0361,2024-07-01,NEW_PRODUCT
MED-0362,2022-01-01,NEW_PRODUCT
MED-0362,2022-06-01,LARGE_ORDER
MED-0363,2024-07-01,NEW_PRODUCT
MED-0363,2024-11-01,LARGE_ORDER
MED-0364,2022-07-01,NEW_PRODUCT
MED-0365,2022-01-01,NEW_PRODUCT
MED-0365,2024-09-01,MAINTENANCE_EVENT
MED-0366,2025-11-01,REACTIVATION
MED-0368,2024-07-01,NEW_PRODUCT
MED-0369,2022-01-01,NEW_PRODUCT
MED-0369,2025-03-01,LARGE_ORDER
MED-0370,2024-07-01,NEW_PRODUCT
MED-0374,2022-01-01,NEW_PRODUCT
MED-0375,2022-01-01,NEW_PRODUCT
MED-0375,2022-05-01,MAINTENANCE_EVENT
MED-0376,2024-01-01,NEW_PRODUCT
MED-0377,2023-01-01,NEW_PRODUCT
MED-0377,2025-04-01,MAINTENANCE_EVENT
MED-0380,2023-07-01,NEW_PRODUCT
MED-0380,2025-03-01,LARGE_ORDER
MED-0380,2025-05-01,MAINTENANCE_EVENT
MED-0382,2023-04-01,REACTIVATION
MED-0383,2025-03-01,REACTIVATION
MED-0384,2022-01-01,NEW_PRODUCT
MED-0385,2024-07-01,NEW_PRODUCT
MED-0386,2022-01-01,NEW_PRODUCT
MED-0386,2024-09-01,MAINTENANCE_EVENT
MED-0387,2022-01-01,NEW_PRODUCT
MED-0387,2025-03-01,MAINTENANCE_EVENT
MED-0388,2024-12-01,REACTIVATION
MED-0389,2023-05-01,REACTIVATION
MED-0389,2024-07-01,EMERGENCY_REPLACEMENT
MED-0390,2025-10-01,MAINTENANCE_EVENT
MED-0392,2022-01-01,NEW_PRODUCT
MED-0392,2024-04-01,MAINTENANCE_EVENT
MED-0393,2022-01-01,NEW_PRODUCT
MED-0393,2024-11-01,LARGE_ORDER
MED-0394,2024-04-01,EMERGENCY_REPLACEMENT
MED-0394,2024-10-01,LARGE_ORDER
MED-0395,2022-07-01,NEW_PRODUCT
MED-0396,2022-01-01,NEW_PRODUCT
MED-0396,2025-09-01,MAINTENANCE_EVENT
MED-0397,2022-01-01,NEW_PRODUCT
MED-0397,2024-08-01,LARGE_ORDER
MED-0398,2022-01-01,NEW_PRODUCT
MED-0398,2022-11-01,LARGE_ORDER
MED-0399,2023-01-01,NEW_PRODUCT
MED-0400,2024-01-01,NEW_PRODUCT
MED-0401,2022-07-01,NEW_PRODUCT
MED-0402,2023-01-01,NEW_PRODUCT
MED-0402,2024-05-01,LARGE_ORDER
MED-0402,2025-11-01,LARGE_ORDER
MED-0403,2023-07-01,NEW_PRODUCT
MED-0403,2024-12-01,LARGE_ORDER
MED-0404,2025-06-01,REACTIVATION
MED-0405,2024-10-01,REACTIVATION
MED-0406,2022-07-01,NEW_PRODUCT
MED-0408,2025-07-01,REACTIVATION
MED-0409,2024-07-01,NEW_PRODUCT
MED-0410,2022-01-01,NEW_PRODUCT
MED-0410,2023-05-01,MAINTENANCE_EVENT
MED-0410,2023-09-01,LARGE_ORDER
MED-0411,2023-07-01,NEW_PRODUCT
MED-0411,2024-11-01,EMERGENCY_REPLACEMENT
MED-0411,2025-03-01,REACTIVATION
MED-0412,2023-01-01,NEW_PRODUCT
MED-0413,2022-01-01,NEW_PRODUCT
MED-0413,2024-10-01,REACTIVATION
MED-0417,2024-07-01,NEW_PRODUCT
MED-0417,2025-11-01,LARGE_ORDER
MED-0418,2022-01-01,NEW_PRODUCT
MED-0418,2025-05-01,MAINTENANCE_EVENT
MED-0419,2025-10-01,MAINTENANCE_EVENT
MED-0420,2022-07-01,NEW_PRODUCT
MED-0420,2023-02-01,LARGE_ORDER
MED-0421,2025-03-01,REACTIVATION
MED-0422,2023-07-01,REACTIVATION
MED-0423,2022-01-01,NEW_PRODUCT
MED-0424,2022-01-01,NEW_PRODUCT
MED-0424,2023-03-01,REACTIVATION
MED-0424,2025-06-01,REACTIVATION
MED-0425,2023-07-01,NEW_PRODUCT
MED-0425,2025-02-01,LARGE_ORDER
MED-0426,2023-01-01,NEW_PRODUCT
MED-0426,2024-06-01,LARGE_ORDER
MED-0428,2022-10-01,MAINTENANCE_EVENT
MED-0428,2023-09-01,REACTIVATION
MED-0429,2022-01-01,NEW_PRODUCT
MED-0430,2023-12-01,EMERGENCY_REPLACEMENT
MED-0430,2025-04-01,REACTIVATION
MED-0431,2024-01-01,NEW_PRODUCT
MED-0431,2025-10-01,MAINTENANCE_EVENT
MED-0433,2025-08-01,REACTIVATION
MED-0438,2024-01-01,NEW_PRODUCT
MED-0440,2022-07-01,NEW_PRODUCT
MED-0441,2022-01-01,NEW_PRODUCT
MED-0443,2022-09-01,REACTIVATION
MED-0443,2025-10-01,REACTIVATION
MED-0444,2023-04-01,LARGE_ORDER
MED-0444,2025-07-01,LARGE_ORDER
MED-0447,2022-01-01,NEW_PRODUCT
MED-0448,2022-01-01,NEW_PRODUCT
MED-0448,2025-03-01,LARGE_ORDER
MED-0449,2024-07-01,NEW_PRODUCT
MED-0451,2022-09-01,LARGE_ORDER
MED-0451,2025-03-01,EMERGENCY_REPLACEMENT
MED-0453,2022-01-01,NEW_PRODUCT
MED-0453,2022-05-01,LARGE_ORDER
MED-0456,2022-01-01,NEW_PRODUCT
MED-0457,2023-01-01,NEW_PRODUCT
MED-0458,2022-07-01,NEW_PRODUCT
MED-0458,2023-06-01,LARGE_ORDER
MED-0460,2024-03-01,REACTIVATION
MED-0461,2022-01-01,NEW_PRODUCT
MED-0463,2022-01-01,NEW_PRODUCT
MED-0463,2022-06-01,LARGE_ORDER
MED-0464,2022-01-01,NEW_PRODUCT
MED-0464,2025-10-01,MAINTENANCE_EVENT
MED-0465,2023-07-01,NEW_PRODUCT
MED-0466,2023-01-01,NEW_PRODUCT
MED-0467,2022-01-01,NEW_PRODUCT
MED-0467,2024-03-01,LARGE_ORDER
MED-0468,2022-04-01,LARGE_ORDER
MED-0468,2023-12-01,LARGE_ORDER
MED-0468,2025-06-01,LARGE_ORDER
MED-0469,2022-01-01,NEW_PRODUCT
MED-0470,2022-12-01,EMERGENCY_REPLACEMENT
MED-0470,2024-09-01,REACTIVATION
MED-0471,2023-01-01,NEW_PRODUCT
MED-0471,2023-11-01,REACTIVATION
MED-0472,2023-01-01,NEW_PRODUCT
MED-0473,2023-01-01,EMERGENCY_REPLACEMENT
MED-0473,2023-08-01,REACTIVATION
MED-0473,2025-12-01,REACTIVATION
MED-0474,2024-07-01,NEW_PRODUCT
MED-0475,2023-07-01,NEW_PRODUCT
MED-0476,2024-01-01,REACTIVATION
MED-0477,2024-01-01,NEW_PRODUCT
MED-0477,2025-03-01,MAINTENANCE_EVENT
MED-0478,2022-11-01,LARGE_ORDER
MED-0478,2024-09-01,MAINTENANCE_EVENT
MED-0479,2022-01-01,NEW_PRODUCT
MED-0480,2022-01-01,NEW_PRODUCT
MED-0480,2025-02-01,REACTIVATION
MED-0481,2023-08-01,REACTIVATION
MED-0481,2024-05-01,REACTIVATION
MED-0482,2022-01-01,NEW_PRODUCT
MED-0483,2024-07-01,NEW_PRODUCT
MED-0484,2022-01-01,NEW_PRODUCT
MED-0484,2022-09-01,LARGE_ORDER
MED-0487,2022-07-01,NEW_PRODUCT
MED-0488,2022-07-01,REACTIVATION
MED-0488,2023-08-01,REACTIVATION
MED-0489,2023-01-01,REACTIVATION
MED-0490,2023-07-01,NEW_PRODUCT
MED-0493,2022-01-01,NEW_PRODUCT
MED-0493,2025-12-01,EMERGENCY_REPLACEMENT
MED-0494,2022-01-01,NEW_PRODUCT
MED-0495,2022-01-01,NEW_PRODUCT
MED-0496,2025-08-01,REACTIVATION
MED-0498,2022-01-01,NEW_PRODUCT
MED-0499,2023-04-01,REACTIVATION
MED-0499,2024-03-01,REACTIVATION
MED-0500,2022-07-01,NEW_PRODUCT
MED-0500,2024-09-01,LARGE_ORDER
MED-0503,2022-07-01,NEW_PRODUCT
MED-0503,2024-01-01,LARGE_ORDER
MED-0503,2024-06-01,LARGE_ORDER
MED-0504,2022-01-01,NEW_PRODUCT
MED-0505,2022-01-01,NEW_PRODUCT
MED-0505,2022-07-01,LARGE_ORDER
MED-0506,2022-07-01,NEW_PRODUCT
MED-0506,2024-10-01,MAINTENANCE_EVENT
MED-0507,2022-07-01,NEW_PRODUCT
MED-0507,2023-10-01,LARGE_ORDER
MED-0508,2022-01-01,NEW_PRODUCT
MED-0508,2023-05-01,MAINTENANCE_EVENT
MED-0508,2024-10-01,LARGE_ORDER
MED-0509,2022-01-01,NEW_PRODUCT
MED-0509,2025-05-01,REACTIVATION
MED-0512,2024-01-01,NEW_PRODUCT
MED-0513,2023-10-01,LARGE_ORDER
MED-0514,2025-01-01,REACTIVATION
MED-0517,2023-07-01,LARGE_ORDER
MED-0518,2023-10-01,REACTIVATION
MED-0519,2024-06-01,REACTIVATION
MED-0520,2024-07-01,NEW_PRODUCT
MED-0521,2022-01-01,NEW_PRODUCT
MED-0521,2022-03-01,LARGE_ORDER
MED-0522,2023-01-01,NEW_PRODUCT
MED-0522,2023-02-01,LARGE_ORDER
MED-0523,2023-01-01,NEW_PRODUCT
MED-0523,2023-04-01,MAINTENANCE_EVENT
MED-0523,2023-11-01,LARGE_ORDER
MED-0524,2022-01-01,NEW_PRODUCT
MED-0524,2022-03-01,LARGE_ORDER
MED-0524,2022-05-01,LARGE_ORDER
MED-0524,2025-07-01,LARGE_ORDER
MED-0525,2024-01-01,NEW_PRODUCT
MED-0526,2023-09-01,REACTIVATION
MED-0527,2023-01-01,NEW_PRODUCT
MED-0527,2024-02-01,REACTIVATION
MED-0528,2022-07-01,NEW_PRODUCT
MED-0528,2024-08-01,LARGE_ORDER
MED-0528,2025-03-01,MAINTENANCE_EVENT
MED-0531,2025-04-01,REACTIVATION
MED-0532,2023-07-01,NEW_PRODUCT
MED-0533,2023-07-01,NEW_PRODUCT
MED-0534,2022-01-01,NEW_PRODUCT
MED-0534,2022-11-01,LARGE_ORDER
MED-0535,2022-01-01,NEW_PRODUCT
MED-0536,2025-05-01,REACTIVATION
MED-0537,2022-01-01,NEW_PRODUCT
MED-0537,2023-09-01,LARGE_ORDER
MED-0538,2023-07-01,NEW_PRODUCT
MED-0539,2022-01-01,NEW_PRODUCT
MED-0540,2023-03-01,REACTIVATION
MED-0540,2023-09-01,MAINTENANCE_EVENT
MED-0541,2022-01-01,NEW_PRODUCT
MED-0542,2022-07-01,NEW_PRODUCT
MED-0542,2024-03-01,LARGE_ORDER
MED-0544,2023-01-01,NEW_PRODUCT
MED-0545,2024-06-01,LARGE_ORDER
MED-0546,2022-10-01,REACTIVATION
MED-0546,2024-10-01,REACTIVATION
MED-0547,2022-01-01,NEW_PRODUCT
MED-0548,2022-07-01,NEW_PRODUCT
MED-0549,2022-01-01,NEW_PRODUCT
MED-0549,2023-01-01,REACTIVATION
MED-0549,2024-03-01,REACTIVATION
MED-0551,2022-01-01,NEW_PRODUCT
MED-0552,2022-05-01,EMERGENCY_REPLACEMENT
MED-0553,2024-01-01,NEW_PRODUCT
MED-0553,2025-05-01,REACTIVATION
MED-0554,2023-01-01,NEW_PRODUCT
MED-0555,2023-09-01,EMERGENCY_REPLACEMENT
MED-0558,2022-01-01,NEW_PRODUCT
MED-0558,2023-03-01,LARGE_ORDER
MED-0558,2023-09-01,MAINTENANCE_EVENT
MED-0559,2024-07-01,NEW_PRODUCT
MED-0560,2025-07-01,REACTIVATION
MED-0561,2022-01-01,NEW_PRODUCT
MED-0561,2023-03-01,LARGE_ORDER
MED-0562,2022-01-01,NEW_PRODUCT
MED-0562,2022-10-01,LARGE_ORDER
MED-0562,2024-09-01,MAINTENANCE_EVENT
MED-0562,2025-09-01,MAINTENANCE_EVENT
MED-0564,2023-07-01,NEW_PRODUCT
MED-0564,2024-02-01,REACTIVATION
MED-0565,2024-03-01,REACTIVATION
MED-0566,2022-07-01,NEW_PRODUCT
MED-0566,2024-08-01,REACTIVATION
MED-0568,2023-07-01,NEW_PRODUCT
MED-0569,2024-01-01,NEW_PRODUCT
MED-0570,2022-01-01,NEW_PRODUCT
MED-0570,2025-04-01,LARGE_ORDER
MED-0571,2022-07-01,NEW_PRODUCT
MED-0572,2023-01-01,NEW_PRODUCT
MED-0574,2023-07-01,REACTIVATION
MED-0574,2025-06-01,REACTIVATION
MED-0575,2024-06-01,REACTIVATION
MED-0576,2024-07-01,NEW_PRODUCT
MED-0578,2023-07-01,NEW_PRODUCT
MED-0578,2025-07-01,LARGE_ORDER
MED-0579,2024-01-01,NEW_PRODUCT
MED-0580,2022-01-01,NEW_PRODUCT
MED-0581,2025-08-01,REACTIVATION
MED-0582,2024-12-01,REACTIVATION
MED-0583,2022-07-01,REACTIVATION
MED-0583,2023-12-01,REACTIVATION
MED-0584,2024-07-01,NEW_PRODUCT
MED-0584,2025-02-01,LARGE_ORDER
MED-0585,2022-01-01,NEW_PRODUCT
MED-0586,2022-01-01,NEW_PRODUCT
MED-0588,2024-06-01,LARGE_ORDER
MED-0589,2025-11-01,REACTIVATION
MED-0590,2022-01-01,NEW_PRODUCT
MED-0591,2023-07-01,REACTIVATION
MED-0591,2024-02-01,REACTIVATION
MED-0593,2022-01-01,NEW_PRODUCT
MED-0593,2024-04-01,MAINTENANCE_EVENT
MED-0593,2025-02-01,LARGE_ORDER
MED-0594,2022-01-01,NEW_PRODUCT
MED-0595,2024-07-01,NEW_PRODUCT
MED-0596,2022-01-01,NEW_PRODUCT
MED-0596,2023-09-01,LARGE_ORDER
MED-0598,2025-10-01,LARGE_ORDER
MED-0599,2022-01-01,NEW_PRODUCT
MED-0599,2023-09-01,LARGE_ORDER
MED-0600,2022-07-01,NEW_PRODUCT
MED-0601,2023-09-01,REACTIVATION
MED-0602,2022-01-01,NEW_PRODUCT
MED-0602,2023-12-01,LARGE_ORDER
MED-0603,2022-07-01,NEW_PRODUCT
MED-0604,2022-01-01,NEW_PRODUCT
MED-0604,2022-11-01,LARGE_ORDER
MED-0605,2022-07-01,NEW_PRODUCT
MED-0606,2022-01-01,NEW_PRODUCT
MED-0606,2023-08-01,REACTIVATION
MED-0607,2022-01-01,NEW_PRODUCT
MED-0608,2022-10-01,REACTIVATION
MED-0609,2024-07-01,NEW_PRODUCT
MED-0610,2023-01-01,NEW_PRODUCT
MED-0610,2024-07-01,LARGE_ORDER
MED-0611,2024-07-01,NEW_PRODUCT
MED-0611,2025-09-01,MAINTENANCE_EVENT
MED-0612,2022-01-01,NEW_PRODUCT
MED-0612,2022-03-01,MAINTENANCE_EVENT
MED-0613,2022-01-01,NEW_PRODUCT
MED-0613,2022-02-01,LARGE_ORDER
MED-0614,2023-03-01,REACTIVATION
MED-0614,2024-04-01,REACTIVATION
MED-0615,2024-01-01,NEW_PRODUCT
MED-0616,2022-01-01,NEW_PRODUCT
MED-0616,2025-04-01,MAINTENANCE_EVENT
MED-0617,2022-01-01,NEW_PRODUCT
MED-0618,2024-04-01,REACTIVATION
MED-0618,2025-07-01,REACTIVATION
MED-0620,2022-12-01,EMERGENCY_REPLACEMENT
MED-0620,2023-04-01,REACTIVATION
MED-0620,2023-08-01,EMERGENCY_REPLACEMENT
MED-0620,2024-02-01,REACTIVATION
MED-0621,2022-01-01,NEW_PRODUCT
MED-0621,2024-07-01,LARGE_ORDER
MED-0621,2024-08-01,LARGE_ORDER
MED-0622,2024-01-01,NEW_PRODUCT
MED-0623,2023-07-01,NEW_PRODUCT
MED-0623,2024-05-01,MAINTENANCE_EVENT
MED-0624,2022-01-01,NEW_PRODUCT
MED-0625,2024-07-01,NEW_PRODUCT
MED-0626,2022-01-01,NEW_PRODUCT
MED-0626,2023-04-01,MAINTENANCE_EVENT
MED-0627,2022-01-01,NEW_PRODUCT
MED-0627,2025-02-01,LARGE_ORDER
MED-0628,2022-01-01,NEW_PRODUCT
MED-0629,2022-01-01,NEW_PRODUCT
MED-0630,2022-01-01,NEW_PRODUCT
MED-0631,2022-01-01,NEW_PRODUCT
MED-0632,2022-01-01,NEW_PRODUCT
MED-0633,2025-02-01,REACTIVATION
MED-0634,2022-07-01,NEW_PRODUCT
MED-0636,2023-06-01,REACTIVATION
MED-0637,2024-07-01,NEW_PRODUCT
MED-0637,2025-10-01,MAINTENANCE_EVENT
MED-0639,2022-07-01,NEW_PRODUCT
MED-0639,2024-12-01,LARGE_ORDER
MED-0640,2023-04-01,EMERGENCY_REPLACEMENT
MED-0640,2025-08-01,LARGE_ORDER
MED-0641,2023-02-01,REACTIVATION
MED-0643,2022-01-01,NEW_PRODUCT
MED-0646,2022-01-01,NEW_PRODUCT
MED-0647,2022-01-01,NEW_PRODUCT
MED-0647,2022-04-01,LARGE_ORDER
MED-0648,2024-01-01,NEW_PRODUCT
MED-0648,2025-06-01,LARGE_ORDER
MED-0650,2022-01-01,NEW_PRODUCT
MED-0650,2022-04-01,MAINTENANCE_EVENT
MED-0650,2024-08-01,REACTIVATION
MED-0651,2023-01-01,NEW_PRODUCT
MED-0652,2024-07-01,NEW_PRODUCT
MED-0653,2022-07-01,NEW_PRODUCT
MED-0655,2024-01-01,NEW_PRODUCT
MED-0656,2022-01-01,NEW_PRODUCT
MED-0657,2022-01-01,NEW_PRODUCT
MED-0658,2023-07-01,NEW_PRODUCT
MED-0659,2022-01-01,NEW_PRODUCT
MED-0659,2023-09-01,LARGE_ORDER
MED-0659,2025-01-01,LARGE_ORDER
MED-0660,2023-09-01,REACTIVATION
MED-0662,2023-01-01,NEW_PRODUCT
MED-0662,2023-09-01,REACTIVATION
MED-0663,2023-05-01,REACTIVATION
MED-0663,2024-08-01,REACTIVATION
MED-0664,2024-06-01,EMERGENCY_REPLACEMENT
MED-0664,2025-02-01,REACTIVATION
MED-0665,2023-01-01,NEW_PRODUCT
MED-0666,2022-09-01,LARGE_ORDER
MED-0666,2023-06-01,REACTIVATION
MED-0667,2022-01-01,NEW_PRODUCT
MED-0668,2022-01-01,NEW_PRODUCT
MED-0668,2023-01-01,REACTIVATION
MED-0669,2022-01-01,NEW_PRODUCT
MED-0672,2023-01-01,NEW_PRODUCT
MED-0673,2023-07-01,NEW_PRODUCT
MED-0674,2022-01-01,NEW_PRODUCT
MED-0674,2023-03-01,MAINTENANCE_EVENT
MED-0675,2023-08-01,REACTIVATION
MED-0675,2024-06-01,REACTIVATION
MED-0676,2023-01-01,NEW_PRODUCT
MED-0677,2022-01-01,NEW_PRODUCT
MED-0678,2022-01-01,NEW_PRODUCT
MED-0679,2024-01-01,NEW_PRODUCT
MED-0680,2024-07-01,NEW_PRODUCT
MED-0680,2025-11-01,EMERGENCY_REPLACEMENT
MED-0681,2024-07-01,NEW_PRODUCT
MED-0681,2025-05-01,MAINTENANCE_EVENT
MED-0682,2022-07-01,EMERGENCY_REPLACEMENT
MED-0682,2025-09-01,REACTIVATION
MED-0683,2022-07-01,NEW_PRODUCT
MED-0683,2025-08-01,LARGE_ORDER
MED-0684,2022-01-01,NEW_PRODUCT
MED-0684,2023-03-01,REACTIVATION
MED-0684,2023-09-01,LARGE_ORDER
MED-0684,2025-10-01,REACTIVATION
MED-0685,2024-07-01,NEW_PRODUCT
MED-0687,2023-09-01,REACTIVATION
MED-0687,2024-09-01,LARGE_ORDER
MED-0687,2025-11-01,REACTIVATION
MED-0688,2023-09-01,REACTIVATION
MED-0689,2022-07-01,NEW_PRODUCT
MED-0689,2023-03-01,MAINTENANCE_EVENT
MED-0689,2024-12-01,REACTIVATION
MED-0690,2022-01-01,NEW_PRODUCT
MED-0690,2023-02-01,REACTIVATION
MED-0691,2023-01-01,NEW_PRODUCT
MED-0692,2023-07-01,NEW_PRODUCT
MED-0692,2024-05-01,EMERGENCY_REPLACEMENT
MED-0694,2024-01-01,NEW_PRODUCT
MED-0696,2024-01-01,REACTIVATION
MED-0697,2022-01-01,NEW_PRODUCT
MED-0697,2025-03-01,REACTIVATION
MED-0698,2024-01-01,NEW_PRODUCT
MED-0698,2024-04-01,MAINTENANCE_EVENT
MED-0699,2024-01-01,NEW_PRODUCT
MED-0699,2025-09-01,MAINTENANCE_EVENT
MED-0700,2023-07-01,NEW_PRODUCT
