PART_ID,DESCRIPTION,CATEGORY,SUBCATEGORY
MED-0001,Ultrasound Transducer,IMAGING,TRANSDUCERS
MED-0002,MRI Cooling Pump,IMAGING,COOLING COMPONENTS
MED-0003,Ultrasound Transducer,IMAGING,TRANSDUCERS
MED-0004,Ultrasound Transducer,IMAGING,TRANSDUCERS
MED-0005,CT Detector Assembly,IMAGING,DETECTOR COMPONENTS
MED-0006,CT Detector Assembly,IMAGING,DETECTOR COMPONENTS
MED-0007,Imaging System Cable,IMAGING,CABLES
MED-0008,X-Ray Power Supply,IMAGING,POWER COMPONENTS
MED-0009,CT Detector Assembly,IMAGING,DETECTOR COMPONENTS
MED-0010,Imaging System Cable,IMAGING,CABLES
MED-0011,MRI Cooling Pump,IMAGING,COOLING COMPONENTS
MED-0012,MRI Gradient Amplifier,IMAGING,POWER COMPONENTS
MED-0013,Imaging System Cable,IMAGING,CABLES
MED-0014,CT Patient Table Motor,IMAGING,MOTORS
MED-0015,CT Detector Assembly,IMAGING,DETECTOR COMPONENTS
MED-0016,Imaging Console Keyboard,IMAGING,USER INTERFACE
MED-0017,CT Patient Table Motor,IMAGING,MOTORS
MED-0018,Ultrasound Control Module,IMAGING,CONTROL MODULES
MED-0019,MRI Cooling Pump,IMAGING,COOLING COMPONENTS
MED-0020,Ultrasound Control Module,IMAGING,CONTROL MODULES
MED-0021,Imaging Console Keyboard,IMAGING,USER INTERFACE
MED-0022,Imaging Console Keyboard,IMAGING,USER INTERFACE
MED-0023,Imaging Console Keyboard,IMAGING,USER INTERFACE
MED-0024,MRI Cooling Pump,IMAGING,COOLING COMPONENTS
MED-0025,MRI Cooling Pump,IMAGING,COOLING COMPONENTS
MED-0026,MRI Cooling Pump,IMAGING,COOLING COMPONENTS
MED-0027,MRI Gradient Amplifier,IMAGING,POWER COMPONENTS
MED-0028,MRI Cooling Pump,IMAGING,COOLING COMPONENTS
MED-0029,CT Patient Table Motor,IMAGING,MOTORS
MED-0030,X-Ray Power Supply,IMAGING,POWER COMPONENTS
MED-0031,MRI Cooling Pump,IMAGING,COOLING COMPONENTS
MED-0032,X-Ray Power Supply,IMAGING,POWER COMPONENTS
MED-0033,X-Ray Detector Module,IMAGING,DETECTOR COMPONENTS
MED-0034,Ultrasound Control Module,IMAGING,CONTROL MODULES
MED-0035,Imaging System Cable,IMAGING,CABLES
MED-0036,CT Detector Assembly,IMAGING,DETECTOR COMPONENTS
MED-0037,MRI Cooling Pump,IMAGING,COOLING COMPONENTS
MED-0038,CT Detector Assembly,IMAGING,DETECTOR COMPONENTS
MED-0039,MRI Gradient Amplifier,IMAGING,POWER COMPONENTS
MED-0040,Ultrasound Control Module,IMAGING,CONTROL MODULES
MED-0041,MRI Cooling Pump,IMAGING,COOLING COMPONENTS
MED-0042,MRI Cooling Pump,IMAGING,COOLING COMPONENTS
MED-0043,Ultrasound Transducer,IMAGING,TRANSDUCERS
MED-0044,CT Patient Table Motor,IMAGING,MOTORS
MED-0045,Ultrasound Transducer,IMAGING,TRANSDUCERS
MED-0046,X-Ray Power Supply,IMAGING,POWER COMPONENTS
MED-0047,X-Ray Power Supply,IMAGING,POWER COMPONENTS
MED-0048,X-Ray Detector Module,IMAGING,DETECTOR COMPONENTS
MED-0049,Imaging Console Keyboard,IMAGING,USER INTERFACE
MED-0050,X-Ray Detector Module,IMAGING,DETECTOR COMPONENTS
MED-0051,Imaging System Cable,IMAGING,CABLES
MED-0052,X-Ray Detector Module,IMAGING,DETECTOR COMPONENTS
MED-0053,Ultrasound Control Module,IMAGING,CONTROL MODULES
MED-0054,CT Detector Assembly,IMAGING,DETECTOR COMPONENTS
MED-0055,MRI Cooling Pump,IMAGING,COOLING COMPONENTS
MED-0056,Imaging System Cable,IMAGING,CABLES
MED-0057,X-Ray Power Supply,IMAGING,POWER COMPONENTS
MED-0058,Ultrasound Transducer,IMAGING,TRANSDUCERS
MED-0059,CT Patient Table Motor,IMAGING,MOTORS
MED-0060,Ultrasound Control Module,IMAGING,CONTROL MODULES
MED-0061,Imaging Console Keyboard,IMAGING,USER INTERFACE
MED-0062,CT Patient Table Motor,IMAGING,MOTORS
MED-0063,Ultrasound Control Module,IMAGING,CONTROL MODULES
MED-0064,X-Ray Power Supply,IMAGING,POWER COMPONENTS
MED-0065,CT Patient Table Motor,IMAGING,MOTORS
MED-0066,Ultrasound Transducer,IMAGING,TRANSDUCERS
MED-0067,X-Ray Power Supply,IMAGING,POWER COMPONENTS
MED-0068,Imaging Console Keyboard,IMAGING,USER INTERFACE
MED-0069,MRI Cooling Pump,IMAGING,COOLING COMPONENTS
MED-0070,Imaging Console Keyboard,IMAGING,USER INTERFACE
MED-0071,X-Ray Detector Module,IMAGING,DETECTOR COMPONENTS
MED-0072,MRI Cooling Pump,IMAGING,COOLING COMPONENTS
MED-0073,Ultrasound Transducer,IMAGING,TRANSDUCERS
MED-0074,Imaging Console Keyboard,IMAGING,USER INTERFACE
MED-0075,CT Detector Assembly,IMAGING,DETECTOR COMPONENTS
MED-0076,X-Ray Power Supply,IMAGING,POWER COMPONENTS
MED-0077,MRI Gradient Amplifier,IMAGING,POWER COMPONENTS
MED-0078,Imaging System Cable,IMAGING,CABLES
MED-0079,MRI Cooling Pump,IMAGING,COOLING COMPONENTS
MED-0080,MRI Cooling Pump,IMAGING,COOLING COMPONENTS
MED-0081,Ultrasound Control Module,IMAGING,CONTROL MODULES
MED-0082,CT Patient Table Motor,IMAGING,MOTORS
MED-0083,CT Detector Assembly,IMAGING,DETECTOR COMPONENTS
MED-0084,Ultrasound Transducer,IMAGING,TRANSDUCERS
MED-0085,Ultrasound Control Module,IMAGING,CONTROL MODULES
MED-0086,Ultrasound Control Module,IMAGING,CONTROL MODULES
MED-0087,Ultrasound Control Module,IMAGING,CONTROL MODULES
MED-0088,Ultrasound Control Module,IMAGING,CONTROL MODULES
MED-0089,Imaging Console Keyboard,IMAGING,USER INTERFACE
MED-0090,X-Ray Power Supply,IMAGING,POWER COMPONENTS
MED-0091,X-Ray Detector Module,IMAGING,DETECTOR COMPONENTS
MED-0092,Imaging Console Keyboard,IMAGING,USER INTERFACE
MED-0093,MRI Cooling Pump,IMAGING,COOLING COMPONENTS
MED-0094,Ultrasound Transducer,IMAGING,TRANSDUCERS
MED-0095,CT Patient Table Motor,IMAGING,MOTORS
MED-0096,Imaging Console Keyboard,IMAGING,USER INTERFACE
MED-0097,MRI Gradient Amplifier,IMAGING,POWER COMPONENTS
MED-0098,X-Ray Detector Module,IMAGING,DETECTOR COMPONENTS
MED-0099,MRI Gradient Amplifier,IMAGING,POWER COMPONENTS
MED-0100,MRI Cooling Pump,IMAGING,COOLING COMPONENTS
MED-0101,X-Ray Power Supply,IMAGING,POWER COMPONENTS
MED-0102,Imaging System Cable,IMAGING,CABLES
MED-0103,X-Ray Power Supply,IMAGING,POWER COMPONENTS
MED-0104,Ultrasound Control Module,IMAGING,CONTROL MODULES
MED-0105,Ultrasound Control Module,IMAGING,CONTROL MODULES
MED-0106,CT Patient Table Motor,IMAGING,MOTORS
MED-0107,Imaging Console Keyboard,IMAGING,USER INTERFACE
MED-0108,Ultrasound Control Module,IMAGING,CONTROL MODULES
MED-0109,Imaging Console Keyboard,IMAGING,USER INTERFACE
MED-0110,Ultrasound Transducer,IMAGING,TRANSDUCERS
MED-0111,MRI Gradient Amplifier,IMAGING,POWER COMPONENTS
MED-0112,Imaging System Cable,IMAGING,CABLES
MED-0113,Imaging Console Keyboard,IMAGING,USER INTERFACE
MED-0114,Imaging Console Keyboard,IMAGING,USER INTERFACE
MED-0115,CT Patient Table Motor,IMAGING,MOTORS
MED-0116,X-Ray Detector Module,IMAGING,DETECTOR COMPONENTS
MED-0117,Ultrasound Control Module,IMAGING,CONTROL MODULES
MED-0118,Ultrasound Transducer,IMAGING,TRANSDUCERS
MED-0119,Imaging Console Keyboard,IMAGING,USER INTERFACE
MED-0120,Imaging System Cable,IMAGING,CABLES
MED-0121,Pulse Oximeter Cable,PATIENT_MONITORING,CABLES
MED-0122,Pulse Oximeter Cable,PATIENT_MONITORING,CABLES
MED-0123,SpO2 Sensor,PATIENT_MONITORING,SENSORS
MED-0124,Patient Monitor Main Board,PATIENT_MONITORING,CONTROL MODULES
MED-0125,SpO2 Sensor,PATIENT_MONITORING,SENSORS
MED-0126,ECG Cable Assembly,PATIENT_MONITORING,CABLES
MED-0127,Patient Monitor Battery,PATIENT_MONITORING,POWER COMPONENTS
MED-0128,Monitor Mounting Arm,PATIENT_MONITORING,MECHANICAL COMPONENTS
MED-0129,ECG Cable Assembly,PATIENT_MONITORING,CABLES
MED-0130,Pulse Oximeter Cable,PATIENT_MONITORING,CABLES
MED-0131,Patient Monitor Main Board,PATIENT_MONITORING,CONTROL MODULES
MED-0132,Blood Pressure Module,PATIENT_MONITORING,SENSOR MODULES
MED-0133,ECG Cable Assembly,PATIENT_MONITORING,CABLES
MED-0134,Patient Monitor Battery,PATIENT_MONITORING,POWER COMPONENTS
MED-0135,Patient Monitor Battery,PATIENT_MONITORING,POWER COMPONENTS
MED-0136,Blood Pressure Module,PATIENT_MONITORING,SENSOR MODULES
MED-0137,Monitor Mounting Arm,PATIENT_MONITORING,MECHANICAL COMPONENTS
MED-0138,Patient Monitor Display,PATIENT_MONITORING,DISPLAY COMPONENTS
MED-0139,ECG Cable Assembly,PATIENT_MONITORING,CABLES
MED-0140,ECG Electrode Lead,PATIENT_MONITORING,ELECTRODES
MED-0141,Monitor Mounting Arm,PATIENT_MONITORING,MECHANICAL COMPONENTS
MED-0142,Blood Pressure Module,PATIENT_MONITORING,SENSOR MODULES
MED-0143,Pulse Oximeter Cable,PATIENT_MONITORING,CABLES
MED-0144,Patient Monitor Main Board,PATIENT_MONITORING,CONTROL MODULES
MED-0145,Pulse Oximeter Cable,PATIENT_MONITORING,CABLES
MED-0146,ECG Electrode Lead,PATIENT_MONITORING,ELECTRODES
MED-0147,ECG Cable Assembly,PATIENT_MONITORING,CABLES
MED-0148,Patient Monitor Battery,PATIENT_MONITORING,POWER COMPONENTS
MED-0149,Blood Pressure Module,PATIENT_MONITORING,SENSOR MODULES
MED-0150,Monitor Mounting Arm,PATIENT_MONITORING,MECHANICAL COMPONENTS
MED-0151,Monitor Mounting Arm,PATIENT_MONITORING,MECHANICAL COMPONENTS
MED-0152,ECG Cable Assembly,PATIENT_MONITORING,CABLES
MED-0153,ECG Electrode Lead,PATIENT_MONITORING,ELECTRODES
MED-0154,ECG Electrode Lead,PATIENT_MONITORING,ELECTRODES
MED-0155,Patient Monitor Main Board,PATIENT_MONITORING,CONTROL MODULES
MED-0156,Monitor Mounting Arm,PATIENT_MONITORING,MECHANICAL COMPONENTS
MED-0157,ECG Electrode Lead,PATIENT_MONITORING,ELECTRODES
MED-0158,Pulse Oximeter Cable,PATIENT_MONITORING,CABLES
MED-0159,Temperature Probe,PATIENT_MONITORING,SENSORS
MED-0160,ECG Cable Assembly,PATIENT_MONITORING,CABLES
MED-0161,Patient Monitor Display,PATIENT_MONITORING,DISPLAY COMPONENTS
MED-0162,Patient Monitor Main Board,PATIENT_MONITORING,CONTROL MODULES
MED-0163,Patient Monitor Battery,PATIENT_MONITORING,POWER COMPONENTS
MED-0164,Temperature Probe,PATIENT_MONITORING,SENSORS
MED-0165,Patient Monitor Main Board,PATIENT_MONITORING,CONTROL MODULES
MED-0166,SpO2 Sensor,PATIENT_MONITORING,SENSORS
MED-0167,Monitor Mounting Arm,PATIENT_MONITORING,MECHANICAL COMPONENTS
MED-0168,Temperature Probe,PATIENT_MONITORING,SENSORS
MED-0169,Patient Monitor Display,PATIENT_MONITORING,DISPLAY COMPONENTS
MED-0170,Patient Monitor Display,PATIENT_MONITORING,DISPLAY COMPONENTS
MED-0171,Monitor Mounting Arm,PATIENT_MONITORING,MECHANICAL COMPONENTS
MED-0172,Pulse Oximeter Cable,PATIENT_MONITORING,CABLES
MED-0173,Pulse Oximeter Cable,PATIENT_MONITORING,CABLES
MED-0174,Blood Pressure Module,PATIENT_MONITORING,SENSOR MODULES
MED-0175,ECG Electrode Lead,PATIENT_MONITORING,ELECTRODES
MED-0176,Patient Monitor Battery,PATIENT_MONITORING,POWER COMPONENTS
MED-0177,Monitor Mounting Arm,PATIENT_MONITORING,MECHANICAL COMPONENTS
MED-0178,ECG Electrode Lead,PATIENT_MONITORING,ELECTRODES
MED-0179,Blood Pressure Module,PATIENT_MONITORING,SENSOR MODULES
MED-0180,ECG Electrode Lead,PATIENT_MONITORING,ELECTRODES
MED-0181,Patient Monitor Main Board,PATIENT_MONITORING,CONTROL MODULES
MED-0182,ECG Electrode Lead,PATIENT_MONITORING,ELECTRODES
MED-0183,SpO2 Sensor,PATIENT_MONITORING,SENSORS
MED-0184,Temperature Probe,PATIENT_MONITORING,SENSORS
MED-0185,Pulse Oximeter Cable,PATIENT_MONITORING,CABLES
MED-0186,Blood Pressure Module,PATIENT_MONITORING,SENSOR MODULES
MED-0187,Patient Monitor Main Board,PATIENT_MONITORING,CONTROL MODULES
MED-0188,ECG Cable Assembly,PATIENT_MONITORING,CABLES
MED-0189,Pulse Oximeter Cable,PATIENT_MONITORING,CABLES
MED-0190,Patient Monitor Display,PATIENT_MONITORING,DISPLAY COMPONENTS
MED-0191,Monitor Mounting Arm,PATIENT_MONITORING,MECHANICAL COMPONENTS
MED-0192,ECG Cable Assembly,PATIENT_MONITORING,CABLES
MED-0193,Monitor Mounting Arm,PATIENT_MONITORING,MECHANICAL COMPONENTS
MED-0194,ECG Electrode Lead,PATIENT_MONITORING,ELECTRODES
MED-0195,ECG Electrode Lead,PATIENT_MONITORING,ELECTRODES
MED-0196,Monitor Mounting Arm,PATIENT_MONITORING,MECHANICAL COMPONENTS
MED-0197,Pulse Oximeter Cable,PATIENT_MONITORING,CABLES
MED-0198,Monitor Mounting Arm,PATIENT_MONITORING,MECHANICAL COMPONENTS
MED-0199,Patient Monitor Battery,PATIENT_MONITORING,POWER COMPONENTS
MED-0200,Patient Monitor Main Board,PATIENT_MONITORING,CONTROL MODULES
MED-0201,Temperature Probe,PATIENT_MONITORING,SENSORS
MED-0202,ECG Electrode Lead,PATIENT_MONITORING,ELECTRODES
MED-0203,Patient Monitor Battery,PATIENT_MONITORING,POWER COMPONENTS
MED-0204,Pulse Oximeter Cable,PATIENT_MONITORING,CABLES
MED-0205,Patient Monitor Main Board,PATIENT_MONITORING,CONTROL MODULES
MED-0206,Temperature Probe,PATIENT_MONITORING,SENSORS
MED-0207,ECG Cable Assembly,PATIENT_MONITORING,CABLES
MED-0208,SpO2 Sensor,PATIENT_MONITORING,SENSORS
MED-0209,Temperature Probe,PATIENT_MONITORING,SENSORS
MED-0210,Patient Monitor Battery,PATIENT_MONITORING,POWER COMPONENTS
MED-0211,Patient Monitor Main Board,PATIENT_MONITORING,CONTROL MODULES
MED-0212,Patient Monitor Battery,PATIENT_MONITORING,POWER COMPONENTS
MED-0213,Patient Monitor Display,PATIENT_MONITORING,DISPLAY COMPONENTS
MED-0214,Monitor Mounting Arm,PATIENT_MONITORING,MECHANICAL COMPONENTS
MED-0215,Pulse Oximeter Cable,PATIENT_MONITORING,CABLES
MED-0216,Patient Monitor Battery,PATIENT_MONITORING,POWER COMPONENTS
MED-0217,Monitor Mounting Arm,PATIENT_MONITORING,MECHANICAL COMPONENTS
MED-0218,Temperature Probe,PATIENT_MONITORING,SENSORS
MED-0219,Blood Pressure Module,PATIENT_MONITORING,SENSOR MODULES
MED-0220,Temperature Probe,PATIENT_MONITORING,SENSORS
MED-0221,ECG Electrode Lead,PATIENT_MONITORING,ELECTRODES
MED-0222,Patient Monitor Display,PATIENT_MONITORING,DISPLAY COMPONENTS
MED-0223,Blood Pressure Module,PATIENT_MONITORING,SENSOR MODULES
MED-0224,ECG Electrode Lead,PATIENT_MONITORING,ELECTRODES
MED-0225,Temperature Probe,PATIENT_MONITORING,SENSORS
MED-0226,Patient Monitor Main Board,PATIENT_MONITORING,CONTROL MODULES
MED-0227,Blood Pressure Module,PATIENT_MONITORING,SENSOR MODULES
MED-0228,ECG Electrode Lead,PATIENT_MONITORING,ELECTRODES
MED-0229,ECG Electrode Lead,PATIENT_MONITORING,ELECTRODES
MED-0230,Blood Pressure Module,PATIENT_MONITORING,SENSOR MODULES
MED-0231,Respiratory Pressure Sensor,RESPIRATORY,SENSORS
MED-0232,Respiratory Pressure Sensor,RESPIRATORY,SENSORS
MED-0233,Ventilator Tubing Assembly,RESPIRATORY,TUBING
MED-0234,Ventilator Valve,RESPIRATORY,VALVES
MED-0235,Ventilator Flow Sensor,RESPIRATORY,SENSORS
MED-0236,Ventilator Motor,RESPIRATORY,MOTORS
MED-0237,Ventilator Display Module,RESPIRATORY,DISPLAY COMPONENTS
MED-0238,Ventilator Motor,RESPIRATORY,MOTORS
MED-0239,Respiratory Pressure Sensor,RESPIRATORY,SENSORS
MED-0240,Ventilator Display Module,RESPIRATORY,DISPLAY COMPONENTS
MED-0241,Ventilator Flow Sensor,RESPIRATORY,SENSORS
MED-0242,Ventilator Flow Sensor,RESPIRATORY,SENSORS
MED-0243,Ventilator Tubing Assembly,RESPIRATORY,TUBING
MED-0244,Ventilator Air Filter,RESPIRATORY,FILTERS
MED-0245,Respiratory Pressure Sensor,RESPIRATORY,SENSORS
MED-0246,Ventilator Air Filter,RESPIRATORY,FILTERS
MED-0247,Ventilator Tubing Assembly,RESPIRATORY,TUBING
MED-0248,Ventilator Tubing Assembly,RESPIRATORY,TUBING
MED-0249,Ventilator Tubing Assembly,RESPIRATORY,TUBING
MED-0250,Ventilator Control Board,RESPIRATORY,CONTROL MODULES
MED-0251,Respiratory Pressure Sensor,RESPIRATORY,SENSORS
MED-0252,Respiratory Pressure Sensor,RESPIRATORY,SENSORS
MED-0253,Ventilator Tubing Assembly,RESPIRATORY,TUBING
MED-0254,Ventilator Tubing Assembly,RESPIRATORY,TUBING
MED-0255,Respiratory Pressure Sensor,RESPIRATORY,SENSORS
MED-0256,Ventilator Tubing Assembly,RESPIRATORY,TUBING
MED-0257,Ventilator Flow Sensor,RESPIRATORY,SENSORS
MED-0258,Respiratory Pressure Sensor,RESPIRATORY,SENSORS
MED-0259,Respiratory Humidifier Heater,RESPIRATORY,HEATING COMPONENTS
MED-0260,Ventilator Flow Sensor,RESPIRATORY,SENSORS
MED-0261,Respiratory Humidifier Heater,RESPIRATORY,HEATING COMPONENTS
MED-0262,Ventilator Flow Sensor,RESPIRATORY,SENSORS
MED-0263,Ventilator Valve,RESPIRATORY,VALVES
MED-0264,Ventilator Valve,RESPIRATORY,VALVES
MED-0265,Ventilator Tubing Assembly,RESPIRATORY,TUBING
MED-0266,Ventilator Oxygen Sensor,RESPIRATORY,SENSORS
MED-0267,Ventilator Control Board,RESPIRATORY,CONTROL MODULES
MED-0268,Ventilator Control Board,RESPIRATORY,CONTROL MODULES
MED-0269,Ventilator Tubing Assembly,RESPIRATORY,TUBING
MED-0270,Ventilator Flow Sensor,RESPIRATORY,SENSORS
MED-0271,Ventilator Valve,RESPIRATORY,VALVES
MED-0272,Ventilator Oxygen Sensor,RESPIRATORY,SENSORS
MED-0273,Ventilator Valve,RESPIRATORY,VALVES
MED-0274,Respiratory Pressure Sensor,RESPIRATORY,SENSORS
MED-0275,Ventilator Flow Sensor,RESPIRATORY,SENSORS
MED-0276,Ventilator Valve,RESPIRATORY,VALVES
MED-0277,Respiratory Humidifier Heater,RESPIRATORY,HEATING COMPONENTS
MED-0278,Ventilator Oxygen Sensor,RESPIRATORY,SENSORS
MED-0279,Respiratory Humidifier Heater,RESPIRATORY,HEATING COMPONENTS
MED-0280,Ventilator Flow Sensor,RESPIRATORY,SENSORS
MED-0281,Ventilator Oxygen Sensor,RESPIRATORY,SENSORS
MED-0282,Ventilator Valve,RESPIRATORY,VALVES
MED-0283,Ventilator Flow Sensor,RESPIRATORY,SENSORS
MED-0284,Ventilator Air Filter,RESPIRATORY,FILTERS
MED-0285,Respiratory Pressure Sensor,RESPIRATORY,SENSORS
MED-0286,Respiratory Humidifier Heater,RESPIRATORY,HEATING COMPONENTS
MED-0287,Ventilator Air Filter,RESPIRATORY,FILTERS
MED-0288,Respiratory Pressure Sensor,RESPIRATORY,SENSORS
MED-0289,Respiratory Humidifier Heater,RESPIRATORY,HEATING COMPONENTS
MED-0290,Respiratory Humidifier Heater,RESPIRATORY,HEATING COMPONENTS
MED-0291,Ventilator Display Module,RESPIRATORY,DISPLAY COMPONENTS
MED-0292,Ventilator Flow Sensor,RESPIRATORY,SENSORS
MED-0293,Ventilator Motor,RESPIRATORY,MOTORS
MED-0294,Ventilator Air Filter,RESPIRATORY,FILTERS
MED-0295,Ventilator Display Module,RESPIRATORY,DISPLAY COMPONENTS
MED-0296,Ventilator Tubing Assembly,RESPIRATORY,TUBING
MED-0297,Ventilator Valve,RESPIRATORY,VALVES
MED-0298,Ventilator Tubing Assembly,RESPIRATORY,TUBING
MED-0299,Ventilator Tubing Assembly,RESPIRATORY,TUBING
MED-0300,Ventilator Valve,RESPIRATORY,VALVES
MED-0301,Ventilator Valve,RESPIRATORY,VALVES
MED-0302,Respiratory Humidifier Heater,RESPIRATORY,HEATING COMPONENTS
MED-0303,Ventilator Display Module,RESPIRATORY,DISPLAY COMPONENTS
MED-0304,Ventilator Valve,RESPIRATORY,VALVES
MED-0305,Ventilator Control Board,RESPIRATORY,CONTROL MODULES
MED-0306,Ventilator Display Module,RESPIRATORY,DISPLAY COMPONENTS
MED-0307,Ventilator Oxygen Sensor,RESPIRATORY,SENSORS
MED-0308,Ventilator Motor,RESPIRATORY,MOTORS
MED-0309,Ventilator Oxygen Sensor,RESPIRATORY,SENSORS
MED-0310,Ventilator Control Board,RESPIRATORY,CONTROL MODULES
MED-0311,Ventilator Motor,RESPIRATORY,MOTORS
MED-0312,Ventilator Air Filter,RESPIRATORY,FILTERS
MED-0313,Ventilator Flow Sensor,RESPIRATORY,SENSORS
MED-0314,Ventilator Motor,RESPIRATORY,MOTORS
MED-0315,Respiratory Pressure Sensor,RESPIRATORY,SENSORS
MED-0316,Ventilator Flow Sensor,RESPIRATORY,SENSORS
MED-0317,Respiratory Pressure Sensor,RESPIRATORY,SENSORS
MED-0318,Ventilator Control Board,RESPIRATORY,CONTROL MODULES
MED-0319,Ventilator Tubing Assembly,RESPIRATORY,TUBING
MED-0320,Ventilator Air Filter,RESPIRATORY,FILTERS
MED-0321,Infusion Pump Battery,INFUSION,POWER COMPONENTS
MED-0322,Infusion Pump Display,INFUSION,DISPLAY COMPONENTS
MED-0323,Infusion Pump Valve,INFUSION,VALVES
MED-0324,Infusion Pump Motor,INFUSION,MOTORS
MED-0325,Infusion Pump Door Assembly,INFUSION,MECHANICAL COMPONENTS
MED-0326,Infusion Pump Display,INFUSION,DISPLAY COMPONENTS
MED-0327,Infusion Pump Control Board,INFUSION,CONTROL MODULES
MED-0328,Infusion Pump Cable,INFUSION,CABLES
MED-0329,Infusion Pump Pressure Sensor,INFUSION,SENSORS
MED-0330,Infusion Pump Control Board,INFUSION,CONTROL MODULES
MED-0331,Infusion Pump Control Board,INFUSION,CONTROL MODULES
MED-0332,Infusion Pump Door Assembly,INFUSION,MECHANICAL COMPONENTS
MED-0333,Infusion Pump Pressure Sensor,INFUSION,SENSORS
MED-0334,Infusion Pump Pressure Sensor,INFUSION,SENSORS
MED-0335,Infusion Pump Pressure Sensor,INFUSION,SENSORS
MED-0336,Syringe Pump Control Module,INFUSION,CONTROL MODULES
MED-0337,Infusion Pump Cable,INFUSION,CABLES
MED-0338,Infusion Pump Cable,INFUSION,CABLES
MED-0339,Infusion Pump Pressure Sensor,INFUSION,SENSORS
MED-0340,Infusion Pump Door Assembly,INFUSION,MECHANICAL COMPONENTS
MED-0341,Infusion Pump Motor,INFUSION,MOTORS
MED-0342,Syringe Pump Motor,INFUSION,MOTORS
MED-0343,Infusion Pump Motor,INFUSION,MOTORS
MED-0344,Infusion Pump Control Board,INFUSION,CONTROL MODULES
MED-0345,Infusion Pump Cable,INFUSION,CABLES
MED-0346,Infusion Pump Cable,INFUSION,CABLES
MED-0347,Infusion Pump Door Assembly,INFUSION,MECHANICAL COMPONENTS
MED-0348,Syringe Pump Motor,INFUSION,MOTORS
MED-0349,Infusion Pump Cable,INFUSION,CABLES
MED-0350,Infusion Pump Valve,INFUSION,VALVES
MED-0351,Infusion Pump Pressure Sensor,INFUSION,SENSORS
MED-0352,Syringe Pump Control Module,INFUSION,CONTROL MODULES
MED-0353,Infusion Pump Door Assembly,INFUSION,MECHANICAL COMPONENTS
MED-0354,Infusion Pump Control Board,INFUSION,CONTROL MODULES
MED-0355,Infusion Pump Battery,INFUSION,POWER COMPONENTS
MED-0356,Infusion Pump Control Board,INFUSION,CONTROL MODULES
MED-0357,Infusion Pump Control Board,INFUSION,CONTROL MODULES
MED-0358,Infusion Pump Display,INFUSION,DISPLAY COMPONENTS
MED-0359,Infusion Pump Door Assembly,INFUSION,MECHANICAL COMPONENTS
MED-0360,Infusion Pump Battery,INFUSION,POWER COMPONENTS
MED-0361,Syringe Pump Control Module,INFUSION,CONTROL MODULES
MED-0362,Infusion Pump Pressure Sensor,INFUSION,SENSORS
MED-0363,Syringe Pump Motor,INFUSION,MOTORS
MED-0364,Infusion Pump Battery,INFUSION,POWER COMPONENTS
MED-0365,Syringe Pump Motor,INFUSION,MOTORS
MED-0366,Infusion Pump Motor,INFUSION,MOTORS
MED-0367,Infusion Pump Motor,INFUSION,MOTORS
MED-0368,Infusion Pump Door Assembly,INFUSION,MECHANICAL COMPONENTS
MED-0369,Infusion Pump Control Board,INFUSION,CONTROL MODULES
MED-0370,Syringe Pump Control Module,INFUSION,CONTROL MODULES
MED-0371,Infusion Pump Valve,INFUSION,VALVES
MED-0372,Infusion Pump Display,INFUSION,DISPLAY COMPONENTS
MED-0373,Syringe Pump Control Module,INFUSION,CONTROL MODULES
MED-0374,Infusion Pump Door Assembly,INFUSION,MECHANICAL COMPONENTS
MED-0375,Infusion Pump Display,INFUSION,DISPLAY COMPONENTS
MED-0376,Syringe Pump Motor,INFUSION,MOTORS
MED-0377,Infusion Pump Pressure Sensor,INFUSION,SENSORS
MED-0378,Infusion Pump Valve,INFUSION,VALVES
MED-0379,Infusion Pump Valve,INFUSION,VALVES
MED-0380,Infusion Pump Control Board,INFUSION,CONTROL MODULES
MED-0381,Syringe Pump Motor,INFUSION,MOTORS
MED-0382,Syringe Pump Motor,INFUSION,MOTORS
MED-0383,Infusion Pump Pressure Sensor,INFUSION,SENSORS
MED-0384,Syringe Pump Motor,INFUSION,MOTORS
MED-0385,Infusion Pump Door Assembly,INFUSION,MECHANICAL COMPONENTS
MED-0386,Infusion Pump Pressure Sensor,INFUSION,SENSORS
MED-0387,Infusion Pump Control Board,INFUSION,CONTROL MODULES
MED-0388,Infusion Pump Door Assembly,INFUSION,MECHANICAL COMPONENTS
MED-0389,Infusion Pump Pressure Sensor,INFUSION,SENSORS
MED-0390,Infusion Pump Control Board,INFUSION,CONTROL MODULES
MED-0391,Infusion Pump Valve,INFUSION,VALVES
MED-0392,Infusion Pump Battery,INFUSION,POWER COMPONENTS
MED-0393,Infusion Pump Control Board,INFUSION,CONTROL MODULES
MED-0394,Infusion Pump Motor,INFUSION,MOTORS
MED-0395,Infusion Pump Valve,INFUSION,VALVES
MED-0396,Infusion Pump Control Board,INFUSION,CONTROL MODULES
MED-0397,Infusion Pump Pressure Sensor,INFUSION,SENSORS
MED-0398,Infusion Pump Display,INFUSION,DISPLAY COMPONENTS
MED-0399,Infusion Pump Pressure Sensor,INFUSION,SENSORS
MED-0400,Syringe Pump Control Module,INFUSION,CONTROL MODULES
MED-0401,Syringe Pump Motor,INFUSION,MOTORS
MED-0402,Infusion Pump Cable,INFUSION,CABLES
MED-0403,Infusion Pump Pressure Sensor,INFUSION,SENSORS
MED-0404,Syringe Pump Control Module,INFUSION,CONTROL MODULES
MED-0405,Infusion Pump Door Assembly,INFUSION,MECHANICAL COMPONENTS
MED-0406,Infusion Pump Battery,INFUSION,POWER COMPONENTS
MED-0407,Syringe Pump Motor,INFUSION,MOTORS
MED-0408,Infusion Pump Pressure Sensor,INFUSION,SENSORS
MED-0409,Infusion Pump Door Assembly,INFUSION,MECHANICAL COMPONENTS
MED-0410,Syringe Pump Control Module,INFUSION,CONTROL MODULES
MED-0411,Surgical Pump Valve,SURGICAL,VALVES
MED-0412,Operating Table Sensor,SURGICAL,SENSORS
MED-0413,Surgical Table Motor,SURGICAL,MOTORS
MED-0414,Surgical Table Motor,SURGICAL,MOTORS
MED-0415,Surgical Equipment Battery,SURGICAL,POWER COMPONENTS
MED-0416,Surgical Equipment Battery,SURGICAL,POWER COMPONENTS
MED-0417,Surgical Light Power Supply,SURGICAL,POWER COMPONENTS
MED-0418,Electrosurgical Generator Cable,SURGICAL,CABLES
MED-0419,Surgical Instrument Drive,SURGICAL,MECHANICAL COMPONENTS
MED-0420,Electrosurgical Foot Switch,SURGICAL,USER INTERFACE
MED-0421,Surgical Light LED Module,SURGICAL,LIGHTING COMPONENTS
MED-0422,Surgical Pump Valve,SURGICAL,VALVES
MED-0423,Surgical Table Motor,SURGICAL,MOTORS
MED-0424,Surgical Table Motor,SURGICAL,MOTORS
MED-0425,Surgical Equipment Battery,SURGICAL,POWER COMPONENTS
MED-0426,Operating Table Sensor,SURGICAL,SENSORS
MED-0427,Surgical Table Motor,SURGICAL,MOTORS
MED-0428,Operating Table Sensor,SURGICAL,SENSORS
MED-0429,Surgical Light Power Supply,SURGICAL,POWER COMPONENTS
MED-0430,Surgical Light LED Module,SURGICAL,LIGHTING COMPONENTS
MED-0431,Surgical Light LED Module,SURGICAL,LIGHTING COMPONENTS
MED-0432,Surgical Table Motor,SURGICAL,MOTORS
MED-0433,Surgical Light LED Module,SURGICAL,LIGHTING COMPONENTS
MED-0434,Surgical Table Motor,SURGICAL,MOTORS
MED-0435,Surgical Instrument Drive,SURGICAL,MECHANICAL COMPONENTS
MED-0436,Surgical Instrument Drive,SURGICAL,MECHANICAL COMPONENTS
MED-0437,Electrosurgical Generator Cable,SURGICAL,CABLES
MED-0438,Surgical Light Power Supply,SURGICAL,POWER COMPONENTS
MED-0439,Surgical Equipment Battery,SURGICAL,POWER COMPONENTS
MED-0440,Electrosurgical Foot Switch,SURGICAL,USER INTERFACE
MED-0441,Surgical Table Control Unit,SURGICAL,CONTROL MODULES
MED-0442,Surgical Pump Valve,SURGICAL,VALVES
MED-0443,Surgical Instrument Drive,SURGICAL,MECHANICAL COMPONENTS
MED-0444,Surgical Light Power Supply,SURGICAL,POWER COMPONENTS
MED-0445,Electrosurgical Generator Cable,SURGICAL,CABLES
MED-0446,Surgical Equipment Battery,SURGICAL,POWER COMPONENTS
MED-0447,Operating Table Sensor,SURGICAL,SENSORS
MED-0448,Surgical Table Control Unit,SURGICAL,CONTROL MODULES
MED-0449,Surgical Table Control Unit,SURGICAL,CONTROL MODULES
MED-0450,Operating Table Sensor,SURGICAL,SENSORS
MED-0451,Surgical Table Motor,SURGICAL,MOTORS
MED-0452,Surgical Equipment Battery,SURGICAL,POWER COMPONENTS
MED-0453,Surgical Light Power Supply,SURGICAL,POWER COMPONENTS
MED-0454,Surgical Light Power Supply,SURGICAL,POWER COMPONENTS
MED-0455,Surgical Light Power Supply,SURGICAL,POWER COMPONENTS
MED-0456,Surgical Table Motor,SURGICAL,MOTORS
MED-0457,Surgical Equipment Battery,SURGICAL,POWER COMPONENTS
MED-0458,Surgical Light Power Supply,SURGICAL,POWER COMPONENTS
MED-0459,Surgical Pump Valve,SURGICAL,VALVES
MED-0460,Operating Table Sensor,SURGICAL,SENSORS
MED-0461,Surgical Equipment Battery,SURGICAL,POWER COMPONENTS
MED-0462,Surgical Pump Valve,SURGICAL,VALVES
MED-0463,Electrosurgical Foot Switch,SURGICAL,USER INTERFACE
MED-0464,Surgical Equipment Battery,SURGICAL,POWER COMPONENTS
MED-0465,Surgical Equipment Battery,SURGICAL,POWER COMPONENTS
MED-0466,Electrosurgical Foot Switch,SURGICAL,USER INTERFACE
MED-0467,Surgical Table Motor,SURGICAL,MOTORS
MED-0468,Surgical Light LED Module,SURGICAL,LIGHTING COMPONENTS
MED-0469,Surgical Table Control Unit,SURGICAL,CONTROL MODULES
MED-0470,Surgical Pump Valve,SURGICAL,VALVES
MED-0471,Surgical Table Motor,SURGICAL,MOTORS
MED-0472,Operating Table Sensor,SURGICAL,SENSORS
MED-0473,Surgical Instrument Drive,SURGICAL,MECHANICAL COMPONENTS
MED-0474,Electrosurgical Generator Cable,SURGICAL,CABLES
MED-0475,Electrosurgical Foot Switch,SURGICAL,USER INTERFACE
MED-0476,Surgical Pump Valve,SURGICAL,VALVES
MED-0477,Surgical Light LED Module,SURGICAL,LIGHTING COMPONENTS
MED-0478,Surgical Table Control Unit,SURGICAL,CONTROL MODULES
MED-0479,Surgical Light Power Supply,SURGICAL,POWER COMPONENTS
MED-0480,Surgical Instrument Drive,SURGICAL,MECHANICAL COMPONENTS
MED-0481,Operating Table Sensor,SURGICAL,SENSORS
MED-0482,Electrosurgical Generator Cable,SURGICAL,CABLES
MED-0483,Surgical Equipment Battery,SURGICAL,POWER COMPONENTS
MED-0484,Surgical Table Control Unit,SURGICAL,CONTROL MODULES
MED-0485,Surgical Table Motor,SURGICAL,MOTORS
MED-0486,Surgical Table Motor,SURGICAL,MOTORS
MED-0487,Surgical Light LED Module,SURGICAL,LIGHTING COMPONENTS
MED-0488,Surgical Light Power Supply,SURGICAL,POWER COMPONENTS
MED-0489,Surgical Pump Valve,SURGICAL,VALVES
MED-0490,Surgical Light Power Supply,SURGICAL,POWER COMPONENTS
MED-0491,Surgical Pump Valve,SURGICAL,VALVES
MED-0492,Surgical Light LED Module,SURGICAL,LIGHTING COMPONENTS
MED-0493,Electrosurgical Generator Cable,SURGICAL,CABLES
MED-0494,Electrosurgical Generator Cable,SURGICAL,CABLES
MED-0495,Surgical Light LED Module,SURGICAL,LIGHTING COMPONENTS
MED-0496,Sample Handling Valve,LABORATORY,VALVES
MED-0497,Analyzer Sample Probe,LABORATORY,SENSORS
MED-0498,Laboratory Centrifuge Motor,LABORATORY,MOTORS
MED-0499,Laboratory Centrifuge Motor,LABORATORY,MOTORS
MED-0500,Laboratory Printer Module,LABORATORY,USER INTERFACE
MED-0501,Centrifuge Rotor Assembly,LABORATORY,MECHANICAL COMPONENTS
MED-0502,Analyzer Photometric Module,LABORATORY,OPTICAL COMPONENTS
MED-0503,Laboratory Power Supply,LABORATORY,POWER COMPONENTS
MED-0504,Laboratory Refrigerator Compressor,LABORATORY,COOLING COMPONENTS
MED-0505,Laboratory Printer Module,LABORATORY,USER INTERFACE
MED-0506,Laboratory Power Supply,LABORATORY,POWER COMPONENTS
MED-0507,Laboratory Centrifuge Motor,LABORATORY,MOTORS
MED-0508,Laboratory Printer Module,LABORATORY,USER INTERFACE
MED-0509,Laboratory Refrigerator Compressor,LABORATORY,COOLING COMPONENTS
MED-0510,Analyzer Sample Probe,LABORATORY,SENSORS
MED-0511,Analyzer Pump,LABORATORY,PUMPS
MED-0512,Analyzer Sample Probe,LABORATORY,SENSORS
MED-0513,Analyzer Sample Probe,LABORATORY,SENSORS
MED-0514,Laboratory Refrigerator Compressor,LABORATORY,COOLING COMPONENTS
MED-0515,Analyzer Pump,LABORATORY,PUMPS
MED-0516,Centrifuge Rotor Assembly,LABORATORY,MECHANICAL COMPONENTS
MED-0517,Laboratory Centrifuge Motor,LABORATORY,MOTORS
MED-0518,Sample Handling Valve,LABORATORY,VALVES
MED-0519,Laboratory Centrifuge Motor,LABORATORY,MOTORS
MED-0520,Laboratory Printer Module,LABORATORY,USER INTERFACE
MED-0521,Analyzer Control Board,LABORATORY,CONTROL MODULES
MED-0522,Laboratory Power Supply,LABORATORY,POWER COMPONENTS
MED-0523,Laboratory Power Supply,LABORATORY,POWER COMPONENTS
MED-0524,Laboratory Power Supply,LABORATORY,POWER COMPONENTS
MED-0525,Laboratory Printer Module,LABORATORY,USER INTERFACE
MED-0526,Analyzer Photometric Module,LABORATORY,OPTICAL COMPONENTS
MED-0527,Analyzer Sample Probe,LABORATORY,SENSORS
MED-0528,Analyzer Control Board,LABORATORY,CONTROL MODULES
MED-0529,Laboratory Refrigerator Compressor,LABORATORY,COOLING COMPONENTS
MED-0530,Analyzer Pump,LABORATORY,PUMPS
MED-0531,Laboratory Printer Module,LABORATORY,USER INTERFACE
MED-0532,Analyzer Pump,LABORATORY,PUMPS
MED-0533,Laboratory Refrigerator Compressor,LABORATORY,COOLING COMPONENTS
MED-0534,Laboratory Printer Module,LABORATORY,USER INTERFACE
MED-0535,Sample Handling Valve,LABORATORY,VALVES
MED-0536,Sample Handling Valve,LABORATORY,VALVES
MED-0537,Analyzer Control Board,LABORATORY,CONTROL MODULES
MED-0538,Analyzer Sample Probe,LABORATORY,SENSORS
MED-0539,Analyzer Pump,LABORATORY,PUMPS
MED-0540,Centrifuge Rotor Assembly,LABORATORY,MECHANICAL COMPONENTS
MED-0541,Analyzer Control Board,LABORATORY,CONTROL MODULES
MED-0542,Analyzer Pump,LABORATORY,PUMPS
MED-0543,Centrifuge Rotor Assembly,LABORATORY,MECHANICAL COMPONENTS
MED-0544,Analyzer Sample Probe,LABORATORY,SENSORS
MED-0545,Analyzer Pump,LABORATORY,PUMPS
MED-0546,Centrifuge Rotor Assembly,LABORATORY,MECHANICAL COMPONENTS
MED-0547,Analyzer Sample Probe,LABORATORY,SENSORS
MED-0548,Analyzer Pump,LABORATORY,PUMPS
MED-0549,Analyzer Sample Probe,LABORATORY,SENSORS
MED-0550,Laboratory Refrigerator Compressor,LABORATORY,COOLING COMPONENTS
MED-0551,Analyzer Sample Probe,LABORATORY,SENSORS
MED-0552,Centrifuge Rotor Assembly,LABORATORY,MECHANICAL COMPONENTS
MED-0553,Sample Handling Valve,LABORATORY,VALVES
MED-0554,Analyzer Control Board,LABORATORY,CONTROL MODULES
MED-0555,Analyzer Sample Probe,LABORATORY,SENSORS
MED-0556,Analyzer Photometric Module,LABORATORY,OPTICAL COMPONENTS
MED-0557,Centrifuge Rotor Assembly,LABORATORY,MECHANICAL COMPONENTS
MED-0558,Centrifuge Rotor Assembly,LABORATORY,MECHANICAL COMPONENTS
MED-0559,Laboratory Printer Module,LABORATORY,USER INTERFACE
MED-0560,Laboratory Centrifuge Motor,LABORATORY,MOTORS
MED-0561,Laboratory Power Supply,LABORATORY,POWER COMPONENTS
MED-0562,Laboratory Printer Module,LABORATORY,USER INTERFACE
MED-0563,Laboratory Centrifuge Motor,LABORATORY,MOTORS
MED-0564,Analyzer Pump,LABORATORY,PUMPS
MED-0565,Laboratory Refrigerator Compressor,LABORATORY,COOLING COMPONENTS
MED-0566,Laboratory Refrigerator Compressor,LABORATORY,COOLING COMPONENTS
MED-0567,Analyzer Photometric Module,LABORATORY,OPTICAL COMPONENTS
MED-0568,Analyzer Sample Probe,LABORATORY,SENSORS
MED-0569,Laboratory Power Supply,LABORATORY,POWER COMPONENTS
MED-0570,Laboratory Power Supply,LABORATORY,POWER COMPONENTS
MED-0571,Analyzer Photometric Module,LABORATORY,OPTICAL COMPONENTS
MED-0572,Laboratory Printer Module,LABORATORY,USER INTERFACE
MED-0573,Laboratory Refrigerator Compressor,LABORATORY,COOLING COMPONENTS
MED-0574,Centrifuge Rotor Assembly,LABORATORY,MECHANICAL COMPONENTS
MED-0575,Laboratory Refrigerator Compressor,LABORATORY,COOLING COMPONENTS
MED-0576,AED Battery Pack,EMERGENCY,POWER COMPONENTS
MED-0577,Emergency Monitor Sensor,EMERGENCY,SENSORS
MED-0578,Emergency Device Charger,EMERGENCY,POWER COMPONENTS
MED-0579,AED Electrode Cable,EMERGENCY,CABLES
MED-0580,Defibrillator Battery,EMERGENCY,POWER COMPONENTS
MED-0581,Emergency Monitor Sensor,EMERGENCY,SENSORS
MED-0582,Defibrillator Battery,EMERGENCY,POWER COMPONENTS
MED-0583,Emergency Device Charger,EMERGENCY,POWER COMPONENTS
MED-0584,AED Battery Pack,EMERGENCY,POWER COMPONENTS
MED-0585,Emergency Equipment Power Supply,EMERGENCY,POWER COMPONENTS
MED-0586,Defibrillator Display,EMERGENCY,DISPLAY COMPONENTS
MED-0587,Emergency Ventilator Valve,EMERGENCY,VALVES
MED-0588,Emergency Monitor Sensor,EMERGENCY,SENSORS
MED-0589,Emergency Ventilator Valve,EMERGENCY,VALVES
MED-0590,Emergency Monitor Sensor,EMERGENCY,SENSORS
MED-0591,Defibrillator Display,EMERGENCY,DISPLAY COMPONENTS
MED-0592,Defibrillator Display,EMERGENCY,DISPLAY COMPONENTS
MED-0593,Defibrillator Display,EMERGENCY,DISPLAY COMPONENTS
MED-0594,Emergency Equipment Power Supply,EMERGENCY,POWER COMPONENTS
MED-0595,Defibrillator Battery,EMERGENCY,POWER COMPONENTS
MED-0596,Defibrillator Control Board,EMERGENCY,CONTROL MODULES
MED-0597,Emergency Monitor Sensor,EMERGENCY,SENSORS
MED-0598,AED Electrode Cable,EMERGENCY,CABLES
MED-0599,Emergency Monitor Sensor,EMERGENCY,SENSORS
MED-0600,Defibrillator Paddle Cable,EMERGENCY,CABLES
MED-0601,Defibrillator Battery,EMERGENCY,POWER COMPONENTS
MED-0602,Defibrillator Control Board,EMERGENCY,CONTROL MODULES
MED-0603,Defibrillator Battery,EMERGENCY,POWER COMPONENTS
MED-0604,Emergency Device Charger,EMERGENCY,POWER COMPONENTS
MED-0605,Emergency Equipment Power Supply,EMERGENCY,POWER COMPONENTS
MED-0606,Defibrillator Paddle Cable,EMERGENCY,CABLES
MED-0607,Defibrillator Paddle Cable,EMERGENCY,CABLES
MED-0608,AED Battery Pack,EMERGENCY,POWER COMPONENTS
MED-0609,AED Battery Pack,EMERGENCY,POWER COMPONENTS
MED-0610,Emergency Device Charger,EMERGENCY,POWER COMPONENTS
MED-0611,Defibrillator Display,EMERGENCY,DISPLAY COMPONENTS
MED-0612,Defibrillator Battery,EMERGENCY,POWER COMPONENTS
MED-0613,Emergency Device Charger,EMERGENCY,POWER COMPONENTS
MED-0614,Emergency Ventilator Valve,EMERGENCY,VALVES
MED-0615,AED Electrode Cable,EMERGENCY,CABLES
MED-0616,Emergency Equipment Power Supply,EMERGENCY,POWER COMPONENTS
MED-0617,Emergency Ventilator Valve,EMERGENCY,VALVES
MED-0618,Defibrillator Control Board,EMERGENCY,CONTROL MODULES
MED-0619,Defibrillator Paddle Cable,EMERGENCY,CABLES
MED-0620,Emergency Ventilator Valve,EMERGENCY,VALVES
MED-0621,AED Battery Pack,EMERGENCY,POWER COMPONENTS
MED-0622,Defibrillator Display,EMERGENCY,DISPLAY COMPONENTS
MED-0623,Defibrillator Paddle Cable,EMERGENCY,CABLES
MED-0624,AED Battery Pack,EMERGENCY,POWER COMPONENTS
MED-0625,Emergency Equipment Power Supply,EMERGENCY,POWER COMPONENTS
MED-0626,Defibrillator Paddle Cable,EMERGENCY,CABLES
MED-0627,AED Battery Pack,EMERGENCY,POWER COMPONENTS
MED-0628,Defibrillator Control Board,EMERGENCY,CONTROL MODULES
MED-0629,Emergency Equipment Power Supply,EMERGENCY,POWER COMPONENTS
MED-0630,Emergency Monitor Sensor,EMERGENCY,SENSORS
MED-0631,Defibrillator Paddle Cable,EMERGENCY,CABLES
MED-0632,AED Battery Pack,EMERGENCY,POWER COMPONENTS
MED-0633,Emergency Ventilator Valve,EMERGENCY,VALVES
MED-0634,Defibrillator Display,EMERGENCY,DISPLAY COMPONENTS
MED-0635,AED Battery Pack,EMERGENCY,POWER COMPONENTS
MED-0636,Defibrillator Control Board,EMERGENCY,CONTROL MODULES
MED-0637,Defibrillator Battery,EMERGENCY,POWER COMPONENTS
MED-0638,AED Electrode Cable,EMERGENCY,CABLES
MED-0639,Defibrillator Display,EMERGENCY,DISPLAY COMPONENTS
MED-0640,Emergency Monitor Sensor,EMERGENCY,SENSORS
MED-0641,Autoclave Pressure Sensor,STERILIZATION,SENSORS
MED-0642,Autoclave Water Pump,STERILIZATION,PUMPS
MED-0643,Autoclave Pressure Sensor,STERILIZATION,SENSORS
MED-0644,Sterilizer Door Motor,STERILIZATION,MOTORS
MED-0645,Sterilizer Power Supply,STERILIZATION,POWER COMPONENTS
MED-0646,Autoclave Heating Element,STERILIZATION,HEATING COMPONENTS
MED-0647,Sterilizer Door Motor,STERILIZATION,MOTORS
MED-0648,Autoclave Control Board,STERILIZATION,CONTROL MODULES
MED-0649,Autoclave Pressure Sensor,STERILIZATION,SENSORS
MED-0650,Sterilizer Door Motor,STERILIZATION,MOTORS
MED-0651,Sterilizer Door Motor,STERILIZATION,MOTORS
MED-0652,Autoclave Water Pump,STERILIZATION,PUMPS
MED-0653,Sterilizer Temperature Probe,STERILIZATION,SENSORS
MED-0654,Autoclave Heating Element,STERILIZATION,HEATING COMPONENTS
MED-0655,Autoclave Heating Element,STERILIZATION,HEATING COMPONENTS
MED-0656,Sterilizer Display Module,STERILIZATION,DISPLAY COMPONENTS
MED-0657,Sterilizer Power Supply,STERILIZATION,POWER COMPONENTS
MED-0658,Sterilizer Door Motor,STERILIZATION,MOTORS
MED-0659,Sterilizer Temperature Probe,STERILIZATION,SENSORS
MED-0660,Autoclave Pressure Sensor,STERILIZATION,SENSORS
MED-0661,Sterilizer Valve Assembly,STERILIZATION,VALVES
MED-0662,Sterilizer Display Module,STERILIZATION,DISPLAY COMPONENTS
MED-0663,Sterilizer Power Supply,STERILIZATION,POWER COMPONENTS
MED-0664,Sterilizer Door Motor,STERILIZATION,MOTORS
MED-0665,Autoclave Control Board,STERILIZATION,CONTROL MODULES
MED-0666,Autoclave Door Seal,STERILIZATION,SEALS
MED-0667,Autoclave Control Board,STERILIZATION,CONTROL MODULES
MED-0668,Autoclave Door Seal,STERILIZATION,SEALS
MED-0669,Sterilizer Display Module,STERILIZATION,DISPLAY COMPONENTS
MED-0670,Autoclave Heating Element,STERILIZATION,HEATING COMPONENTS
MED-0671,Autoclave Water Pump,STERILIZATION,PUMPS
MED-0672,Sterilizer Door Motor,STERILIZATION,MOTORS
MED-0673,Autoclave Water Pump,STERILIZATION,PUMPS
MED-0674,Autoclave Water Pump,STERILIZATION,PUMPS
MED-0675,Sterilizer Valve Assembly,STERILIZATION,VALVES
MED-0676,Autoclave Water Pump,STERILIZATION,PUMPS
MED-0677,Sterilizer Temperature Probe,STERILIZATION,SENSORS
MED-0678,Autoclave Heating Element,STERILIZATION,HEATING COMPONENTS
MED-0679,Sterilizer Door Motor,STERILIZATION,MOTORS
MED-0680,Autoclave Door Seal,STERILIZATION,SEALS
MED-0681,Autoclave Control Board,STERILIZATION,CONTROL MODULES
MED-0682,Sterilizer Display Module,STERILIZATION,DISPLAY COMPONENTS
MED-0683,Autoclave Water Pump,STERILIZATION,PUMPS
MED-0684,Sterilizer Valve Assembly,STERILIZATION,VALVES
MED-0685,Autoclave Pressure Sensor,STERILIZATION,SENSORS
MED-0686,Autoclave Pressure Sensor,STERILIZATION,SENSORS
MED-0687,Autoclave Pressure Sensor,STERILIZATION,SENSORS
MED-0688,Sterilizer Temperature Probe,STERILIZATION,SENSORS
MED-0689,Sterilizer Temperature Probe,STERILIZATION,SENSORS
MED-0690,Sterilizer Door Motor,STERILIZATION,MOTORS
MED-0691,Autoclave Heating Element,STERILIZATION,HEATING COMPONENTS
MED-0692,Autoclave Pressure Sensor,STERILIZATION,SENSORS
MED-0693,Autoclave Water Pump,STERILIZATION,PUMPS
MED-0694,Autoclave Heating Element,STERILIZATION,HEATING COMPONENTS
MED-0695,Autoclave Pressure Sensor,STERILIZATION,SENSORS
MED-0696,Sterilizer Valve Assembly,STERILIZATION,VALVES
MED-0697,Autoclave Pressure Sensor,STERILIZATION,SENSORS
MED-0698,Autoclave Pressure Sensor,STERILIZATION,SENSORS
MED-0699,Autoclave Heating Element,STERILIZATION,HEATING COMPONENTS
MED-0700,Sterilizer Power Supply,STERILIZATION,POWER COMPONENTS
